,features,performance
0,"['職業.x_10', 'X9', '城市_17']",0.6811479308704614
1,"['城市_8', '年齡區間.x', '城市_7', 'X28.1_1']",0.7004915173616616
2,"['X65_3', 'X64_5', 'X5', 'X54', '籍貫_1', 'X56', '主要使用聯絡方式_9', '城市_12', '城市_17', '職業.x_5']",0.6770255271920088
3,"['X30_1', '主要使用聯絡方式_7', 'X12_5', 'X5', 'X66_5', 'X28.1_99']",0.6930394799429206
4,"['政治傾向_10', 'X30_1', 'X30_6', '城市_17', '城市_7']",0.6859045504994451
5,"['城市_2', 'X30_1', 'X66_5']",0.6905026161407959
6,"['政治傾向_3', '主要使用聯絡方式_2', '性別.x', '職業.x_1', '城市_19', '政治傾向_4', 'X9', '城市_8', 'X30_1']",0.7020770572379896
7,"['X36', '政治傾向_4', '主要使用聯絡方式_3', '職業.x_8']",0.6868558744252419
8,"['X28.1_3', 'X36', 'X4', 'X28.1_2', '籍貫_6', '職業.x_12', '主要使用聯絡方式_2', 'X53', '職業.x_5', 'X30_7']",0.6508641192325987
9,"['X12_5', '職業.x_5', 'X12_2', 'X66_5', 'X9', 'X30_6', 'X53', '主要使用聯絡方式_8', '政治傾向_9']",0.6931980339305533
10,"['職業.x_10', 'X28.1_2', 'X66_5', '政治傾向_7', '職業.x_5']",0.6881243063263041
11,"['職業.x_10', '性別.x', 'X64_5']",0.6871729824005073
12,"['X9', 'X28.1_1', 'X14', 'X65_2', '主要使用聯絡方式_8', 'X12_5', 'X48', '職業.x_10', 'X66_2']",0.6866973204376091
13,"['X4', '城市_4', 'X28.1_2', '政治傾向_9', 'X28.1_3']",0.6909782781036943
14,"['年齡區間.x', '城市_8', '主要使用聯絡方式_3', 'X14', 'X30_5', 'X12_5', '職業.x_1', '城市_13', '主要使用聯絡方式_8', '職業.x_10']",0.698747423497701
15,"['X28.1_3', '職業.x_1', 'X66_5', 'X65_7', 'X30_5', '年齡區間.x', '政治傾向_10', '政治傾向_9', '城市_14']",0.6865387664499761
16,"['X5', '主要使用聯絡方式_3', 'X9', 'X28.1_2', '城市_17', '城市_2', '主要使用聯絡方式_7']",0.6832091327096876
17,"['X30_2', '城市_12', 'X65_3', 'X30_5', '性別.x', '教育階段.x', '主要使用聯絡方式_2']",0.6827334707467893
18,"['X28.1_99', '職業.x_6', 'X14', '主要使用聯絡方式_2']",0.6843190106231172
19,"['主要使用聯絡方式_2', 'X12_2', 'X65_2', '職業.x_6', '政治傾向_10', 'X12_5', 'X30_2', '教育階段.x']",0.689709846202632
20,"['X65_3', '城市_2', '職業.x_5', 'X28.1_99', '政治傾向_3', '教育階段.x']",0.6832091327096876
21,"['城市_2', 'X28.1_5', 'X54']",0.6846361185983828
22,"['政治傾向_7', 'X53', '城市_17', '教育階段.x', 'X30_1', 'X56']",0.6844775646107498
23,"['政治傾向_9', '性別.x', '政治傾向_4', '城市_4', 'X66_2', 'X28.1_99', '主要使用聯絡方式_8', '城市_19']",0.6905026161407959
24,"['X30_5', 'X65_2', '職業.x_5', '城市_13', 'X48', '政治傾向_4', '職業.x_10']",0.6779768511178056
25,"['城市_4', 'X48', 'X28.1_2', 'X64_5']",0.6870144284128745
26,"['X36', '城市_2', '城市_12', '城市_19', '職業.x_8']",0.683684794672586
27,"['職業.x_6', 'X66_2', 'X30_2', 'X56', 'X65_2', 'X54']",0.6866973204376091
28,"['X12_2', 'X4', '城市_19', '政治傾向_3', '主要使用聯絡方式_9', 'X28.1_2']",0.6882828603139368
29,"['城市_12', '主要使用聯絡方式_9']",0.6838433486602188
30,"['籍貫_6', 'X30_5', '政治傾向_4', 'X28.1_3', 'X66_2', 'X65_2', 'X30_2']",0.6510226732202316
31,"['城市_7', '主要使用聯絡方式_8', '政治傾向_10', 'X28.1_5', '婚姻狀態', '職業.x_8']",0.6860631044870777
32,"['X28.1_5', 'X28.1_3', '城市_7', 'X65_7', 'X65_3', '職業.x_6', '城市_2', '籍貫_1']",0.6519739971460281
33,"['X28.1_2', 'X30_6']",0.6870144284128746
34,"['X65_3', 'X30_1', '城市_14']",0.6870144284128746
35,"['城市_15', '城市_8', '政治傾向_3', '職業.x_1', 'X36', 'X56', '政治傾向_9', 'X64_5', '政治傾向_4', 'X28.1_5']",0.7006500713492944
36,"['X65_2', '婚姻狀態', '政治傾向_4', 'X65_3', '主要使用聯絡方式_2']",0.6870144284128746
37,"['政治傾向_10', 'X30_5', '政治傾向_7', '政治傾向_9', 'X12_5', '城市_13', '主要使用聯絡方式_7']",0.68447756461075
38,"['職業.x_5', '婚姻狀態', '籍貫_6', 'X36']",0.638655462184874
39,"['X64_5', 'X12_2', '政治傾向_10']",0.6870144284128746
40,"['城市_7', 'X12_2', 'X9', 'X65_7']",0.6857459965118123
41,"['城市_7', '城市_17', '政治傾向_9', 'X30_7', '政治傾向_10', '職業.x_6', 'X65_3', '性別.x', '政治傾向_7', 'X36']",0.6816235928333597
42,"['主要使用聯絡方式_3', 'X4', '城市_15', '政治傾向_4', 'X30_7', 'X65_3', '職業.x_8', '政治傾向_3', 'X48', 'X28.1_2']",0.6846361185983828
43,"['X64_5', 'X65_2', 'X30_7', 'X28.1_1', '性別.x']",0.6868558744252418
44,"['X5', '主要使用聯絡方式_9']",0.6838433486602188
45,"['X9', 'X30_7', '籍貫_1', '婚姻狀態', '城市_19', 'X56', 'X66_5']",0.6873315363881402
46,"['X9', 'X30_5', '職業.x_5']",0.6838433486602188
47,"['X65_2', 'X30_5', '主要使用聯絡方式_9', 'X4', '城市_8', '教育階段.x', 'X12_5', '城市_2', '職業.x_10', '主要使用聯絡方式_7']",0.6996987474234977
48,"['職業.x_6', 'X30_6', 'X30_7']",0.6855874425241796
49,"['X66_2', 'X28.1_1', '年齡區間.x', '政治傾向_3', '城市_19', 'X30_6', '城市_7', 'X65_3']",0.6832091327096876
50,"['X28.1_2', 'X56', 'X65_3', '城市_19', '主要使用聯絡方式_2', '城市_4', '職業.x_12', '政治傾向_10']",0.6879657523386714
51,"['性別.x', '城市_7', 'X4', 'X65_7', '城市_2']",0.6866973204376091
52,"['X28.1_1', 'X48', 'X28.1_99', 'X9', '職業.x_5']",0.6851117805612812
53,"['X65_3', '籍貫_6', 'X66_5', '城市_2', '城市_4', '職業.x_10', 'X65_7', 'X48']",0.6860631044870777
54,"['城市_13', '政治傾向_4', 'X65_7', 'X53', 'X30_7', '城市_8', 'X66_5', '城市_17', 'X28.1_5', '職業.x_10']",0.6912953860789599
55,"['X4', 'X30_5', '城市_4', '職業.x_6', '城市_13']",0.682257808783891
56,"['X65_7', '城市_15', '教育階段.x']",0.6854288885365467
57,"['主要使用聯絡方式_3', 'X56', '職業.x_1', 'X30_1', '政治傾向_9', '城市_15']",0.6866973204376091
58,"['政治傾向_4', '職業.x_1']",0.6870144284128746
59,"['城市_15', 'X56', '政治傾向_7', 'X4', '年齡區間.x']",0.6895512922149992
60,"['籍貫_6', '職業.x_8', 'X9', '政治傾向_10', '政治傾向_3', '城市_12', 'X30_7']",0.6801966069446647
61,"['X65_2', '性別.x', 'X28.1_3', 'X56', '城市_4', '城市_7', 'X54', '城市_13', '籍貫_6']",0.6413508799746312
62,"['X28.1_5', '城市_7', 'X66_2', '政治傾向_7', 'X12_2', '年齡區間.x', '城市_14', 'X30_5']",0.6518154431583955
63,"['主要使用聯絡方式_3', 'X28.1_99', 'X12_5', '職業.x_10', '城市_19', '性別.x', 'X28.1_2', '城市_4', 'X54', '籍貫_6']",0.6833676866973205
64,"['主要使用聯絡方式_8', '城市_17', '城市_15', '教育階段.x', '籍貫_6', 'X66_2', 'X9', '城市_19']",0.6865387664499761
65,"['職業.x_8', 'X65_2', 'X14', 'X30_6', 'X30_7', '職業.x_1', 'X28.1_99', '職業.x_5', 'X30_5', 'X28.1_1']",0.681465038845727
66,"['X28.1_5', 'X5', 'X65_2', 'X12_2', '政治傾向_4', '主要使用聯絡方式_7', '職業.x_12']",0.6827334707467893
67,"['X30_6', 'X4', '職業.x_6', '政治傾向_10', 'X36', 'X30_5', 'X53']",0.6841604566354844
68,"['婚姻狀態', 'X65_3', '政治傾向_4', 'X4', '政治傾向_3']",0.6863802124623434
69,"['教育階段.x', 'X28.1_3']",0.6865387664499762
70,"['政治傾向_7', 'X66_2', 'X30_6', 'X30_5']",0.6870144284128746
71,"['X48', '婚姻狀態', '職業.x_6', '主要使用聯絡方式_7']",0.6835262406849533
72,"['X12_2', '城市_19', '婚姻狀態', 'X14', '政治傾向_10', '城市_4', '主要使用聯絡方式_9', 'X28.1_2', '城市_14', 'X30_7']",0.6797209449817663
73,"['城市_15', '籍貫_6', '政治傾向_9', 'X65_7', 'X30_2']",0.641667987949897
74,"['X53', 'X28.1_2', '政治傾向_4', '主要使用聯絡方式_7']",0.6868558744252419
75,"['城市_8', 'X30_6', '城市_15', '主要使用聯絡方式_8', 'X36', 'X53', 'X28.1_1']",0.7016013952750911
76,"['職業.x_8', 'X12_5']",0.6884414143015697
77,"['城市_13', '主要使用聯絡方式_8', 'X65_3', 'X28.1_2']",0.6843190106231172
78,"['X9', 'X28.1_5', 'X4', '政治傾向_7', '政治傾向_4', '職業.x_10']",0.6847946725860156
79,"['X28.1_2', '主要使用聯絡方式_8', 'X65_7']",0.6857459965118123
80,"['教育階段.x', '城市_14', '主要使用聯絡方式_9', '城市_8', 'X30_1', 'X65_3', '城市_4']",0.698747423497701
81,"['X5', '政治傾向_3', 'X65_3', 'X53']",0.6787696210559695
82,"['X28.1_1', '主要使用聯絡方式_2', '政治傾向_7']",0.6870144284128746
83,"['城市_15', 'X30_5', '城市_13', '職業.x_8', '政治傾向_4']",0.682257808783891
84,"['X53', '年齡區間.x', '政治傾向_3', 'X9', 'X65_3']",0.6843190106231172
85,"['政治傾向_7', 'X30_5', '城市_12', '職業.x_1', '籍貫_1', 'X30_2', '主要使用聯絡方式_7', '城市_4', '城市_8', '城市_15']",0.6805137149199302
86,"['X5', 'X66_5', '城市_15', 'X12_5', '籍貫_6', '城市_12', '職業.x_6', '城市_7']",0.6889170762644682
87,"['職業.x_10', '城市_12', '城市_15', 'X30_7', '性別.x', '政治傾向_9', 'X28.1_5']",0.6811479308704614
88,"['婚姻狀態', '主要使用聯絡方式_2']",0.6870144284128746
89,"['政治傾向_9', 'X66_5', '主要使用聯絡方式_2', 'X28.1_1', '政治傾向_7', '城市_12']",0.6882828603139368
90,"['城市_8', '年齡區間.x', 'X48', '城市_4', '職業.x_10', '城市_7', 'X30_6', '婚姻狀態']",0.6977960995719042
91,"['職業.x_12', '政治傾向_10', '職業.x_6']",0.687490090375773
92,"['X65_7', '職業.x_8', 'X28.1_1', '城市_7', 'X30_5', 'X54', '主要使用聯絡方式_7']",0.6840019026478517
93,"['政治傾向_4', '城市_17', 'X9', '主要使用聯絡方式_9', 'X14', 'X28.1_5', 'X28.1_99']",0.6819407008086253
94,"['職業.x_8', 'X28.1_5', 'X30_7', 'X66_2', '主要使用聯絡方式_7']",0.6857459965118122
95,"['年齡區間.x', 'X30_1', '城市_15', '主要使用聯絡方式_2', 'X56', '職業.x_12']",0.688917076264468
96,"['城市_14', 'X65_7', '籍貫_1', 'X28.1_1', 'X12_5', '主要使用聯絡方式_7', 'X65_3']",0.6375455842714443
97,"['籍貫_1', 'X28.1_5', '主要使用聯絡方式_8', '年齡區間.x', '城市_8', 'X9', '城市_2', '主要使用聯絡方式_9', 'X28.1_3']",0.6963691136832092
98,"['城市_2', 'X30_2', '性別.x', '主要使用聯絡方式_9', '城市_17', 'X28.1_99', 'X28.1_1', '年齡區間.x']",0.6833676866973205
99,"['政治傾向_4', '年齡區間.x', 'X12_2', 'X30_6', '職業.x_5']",0.680672268907563
100,"['教育階段.x', 'X53', 'X64_5', 'X30_7', '年齡區間.x', 'X28.1_5', 'X65_7']",0.6832091327096875
101,"['婚姻狀態', '主要使用聯絡方式_3', 'X65_2']",0.6870144284128746
102,"['年齡區間.x', 'X36', '城市_12', '性別.x', '城市_14', 'X48', '政治傾向_9']",0.6759156492785794
103,"['職業.x_10', '政治傾向_4', '籍貫_1', '職業.x_12', 'X66_2', '政治傾向_3', '政治傾向_7', 'X48', '主要使用聯絡方式_9']",0.680672268907563
104,"['X14', '政治傾向_9', '職業.x_10', 'X28.1_99', '籍貫_1', 'X65_2', '政治傾向_7']",0.6492785793562709
105,"['X9', '職業.x_1', 'X65_2']",0.6870144284128746
106,"['X30_6', '主要使用聯絡方式_3', '城市_13']",0.6805137149199302
107,"['職業.x_5', '城市_14', 'X5', 'X28.1_1', 'X36', '職業.x_12', 'X9']",0.68447756461075
108,"['城市_7', '性別.x', 'X28.1_5', 'X65_7', 'X14', 'X12_2']",0.6811479308704614
109,"['城市_14', 'X30_7', 'X65_3', '職業.x_6', '城市_4', 'X66_5', '城市_8', 'X65_2', 'X28.1_5', '主要使用聯絡方式_3']",0.6989059774853337
110,"['X14', '教育階段.x', '職業.x_10', '主要使用聯絡方式_2']",0.6830505787220548
111,"['職業.x_10', 'X30_1', '政治傾向_7', '城市_7', '職業.x_12', 'X28.1_3', 'X48', 'X65_7', 'X64_5', '職業.x_8']",0.6816235928333597
112,"['X66_2', '職業.x_6', '政治傾向_10', 'X28.1_2', 'X64_5', '城市_2', 'X12_5', '年齡區間.x', 'X30_6', '主要使用聯絡方式_3']",0.6868558744252418
113,"['X54', '政治傾向_9', '政治傾向_3', 'X30_5', '職業.x_8', '教育階段.x']",0.6846361185983828
114,"['城市_7', 'X5']",0.6847946725860156
115,"['X65_3', 'X36', '婚姻狀態', '職業.x_12', 'X30_1', '城市_7', 'X66_2', '城市_13', 'X30_2']",0.6827334707467893
116,"['X12_2', 'X65_7']",0.6857459965118123
117,"['X28.1_3', '政治傾向_3']",0.6849532265736483
118,"['X66_5', 'X64_5', '主要使用聯絡方式_9', 'X48', 'X54', 'X9', '城市_19', 'X14', 'X5', 'X30_6']",0.6817821468209926
119,"['X66_2', '職業.x_6', 'X65_2', '政治傾向_9', 'X9', '主要使用聯絡方式_9']",0.6827334707467893
120,"['X66_2', '城市_19', 'X9']",0.6870144284128746
121,"['城市_8', 'X36', '城市_4', 'X12_2', 'X12_5', '職業.x_8']",0.7042968130648486
122,"['主要使用聯絡方式_3', '主要使用聯絡方式_7', 'X54', '主要使用聯絡方式_9', 'X12_2', '主要使用聯絡方式_2', 'X30_7']",0.6838433486602188
123,"['X4', 'X65_7', 'X66_5', '教育階段.x', 'X12_5', '職業.x_5']",0.6952592357697797
124,"['X5', 'X48', '主要使用聯絡方式_7']",0.682257808783891
125,"['X28.1_5', '籍貫_1', '職業.x_8', '職業.x_5', '籍貫_6', '政治傾向_10']",0.6358014904074837
126,"['X30_6', '職業.x_10', '城市_19', '主要使用聯絡方式_2', '主要使用聯絡方式_8', '城市_4', 'X66_5', 'X28.1_3', '籍貫_1', 'X65_2']",0.6882828603139368
127,"['X36', '城市_12', '政治傾向_3', 'X14']",0.6809893768828286
128,"['X64_5', 'X65_7', 'X36']",0.6868558744252418
129,"['職業.x_6', '城市_8', 'X30_1', 'X66_5']",0.7042968130648486
130,"['職業.x_5', '職業.x_1', '主要使用聯絡方式_3', 'X64_5', '政治傾向_7', '城市_19', '教育階段.x', '籍貫_1']",0.6771840811796416
131,"['X9', 'X30_7', 'X30_5', '主要使用聯絡方式_3', 'X30_6']",0.6855874425241796
132,"['X30_5', 'X30_1', 'X64_5', '主要使用聯絡方式_3', 'X14', 'X28.1_99', '城市_15']",0.6860631044870779
133,"['城市_7', '職業.x_6']",0.6870144284128746
134,"['職業.x_1', '職業.x_6', '城市_14', 'X30_7', '政治傾向_10', 'X30_6', '籍貫_1', '政治傾向_3', '婚姻狀態']",0.6786110670683368
135,"['城市_14', '主要使用聯絡方式_9', 'X28.1_2', '主要使用聯絡方式_3', 'X48', 'X12_5', '政治傾向_4', '職業.x_5', 'X53', 'X28.1_5']",0.6789281750436024
136,"['X30_2', '主要使用聯絡方式_2', '年齡區間.x', 'X36', '城市_2', '政治傾向_3', 'X65_3', 'X28.1_3', 'X9']",0.6725860155382908
137,"['X56', '主要使用聯絡方式_3', '城市_13', 'X28.1_99', '城市_7', 'X14']",0.682257808783891
138,"['X4', '政治傾向_9', 'X65_7', '教育階段.x', 'X28.1_5']",0.6846361185983828
139,"['城市_17', 'X30_2', '城市_12', 'X64_5', '職業.x_5', '政治傾向_9', '城市_13']",0.6719517995877596
140,"['X66_2', 'X64_5', 'X28.1_2', '職業.x_12', 'X9', 'X53', 'X30_7']",0.6868558744252418
141,"['政治傾向_3', '城市_8', '主要使用聯絡方式_3']",0.7025527192008879
142,"['X12_5', '政治傾向_9', '主要使用聯絡方式_3', 'X66_5', '政治傾向_10', '政治傾向_7']",0.6920881560171238
143,"['X66_2', '職業.x_1', 'X48', '職業.x_10', '城市_7', '城市_17', 'X28.1_5']",0.6770255271920088
144,"['教育階段.x', '主要使用聯絡方式_3', 'X65_3', 'X28.1_5', 'X56', '年齡區間.x', 'X30_6']",0.6879657523386713
145,"['X66_2', '政治傾向_10']",0.6870144284128746
146,"['城市_17', '政治傾向_7', '城市_8', 'X12_5', '職業.x_5', '城市_13', '城市_15', 'X5', 'X66_2', '職業.x_12']",0.6981132075471699
147,"['X28.1_3', 'X14', 'X28.1_5', '城市_8', '城市_19', '城市_2', '職業.x_10']",0.6951006817821469
148,"['主要使用聯絡方式_8', 'X30_7', 'X36', '主要使用聯絡方式_9', '政治傾向_7', 'X28.1_99', 'X30_6']",0.6862216584747106
149,"['職業.x_8', 'X28.1_1', 'X14', 'X28.1_5']",0.6830505787220549
150,"['政治傾向_3', 'X28.1_1', 'X56', 'X65_7', '城市_7', 'X12_5']",0.6881243063263041
151,"['X30_5', 'X4', 'X5', 'X14']",0.6900269541778977
152,"['X30_6', 'X65_3', 'X28.1_99', 'X14']",0.68447756461075
153,"['X56', '城市_4', '性別.x', 'X12_2', 'X12_5', 'X5', '政治傾向_7', 'X36', '城市_2']",0.6847946725860156
154,"['主要使用聯絡方式_7', 'X9', 'X30_6', '職業.x_8', 'X4', 'X5']",0.691929602029491
155,"['職業.x_12', '年齡區間.x', 'X12_2', 'X9', '政治傾向_3', 'X28.1_3', 'X65_3']",0.6827334707467893
156,"['年齡區間.x', '城市_4', '主要使用聯絡方式_3', 'X30_6', 'X54', '職業.x_12', 'X28.1_2', '籍貫_1', '籍貫_6']",0.6362771523703821
157,"['職業.x_12', 'X65_3', 'X28.1_1', 'X36', 'X12_2']",0.6885999682892024
158,"['籍貫_1', '職業.x_8', 'X28.1_1', '城市_12', '城市_7', 'X65_3']",0.6351672744569526
159,"['X28.1_2', '主要使用聯絡方式_8', '城市_8']",0.7041382590772158
160,"['政治傾向_10', '城市_7', '職業.x_10', 'X56', '職業.x_1', 'X66_2', '政治傾向_9', '城市_2', '主要使用聯絡方式_9']",0.6820992547962581
161,"['X28.1_2', '城市_2', '職業.x_12', 'X5', '城市_15', 'X30_2', 'X9']",0.6863802124623434
162,"['城市_8', '政治傾向_3']",0.7025527192008879
163,"['X30_2', 'X28.1_5', '職業.x_1', '職業.x_12', 'X28.1_1', '主要使用聯絡方式_8']",0.6863802124623434
164,"['X30_1', 'X28.1_5', '城市_8', '主要使用聯絡方式_8', 'X28.1_2', 'X12_5', 'X12_2']",0.7066751228793404
165,"['職業.x_12', 'X14', '城市_7', '城市_8', '主要使用聯絡方式_9', 'X66_5', 'X5']",0.7050895830030125
166,"['城市_15', 'X64_5', '政治傾向_10', 'X53', '職業.x_5', 'X12_2', '主要使用聯絡方式_7', '職業.x_10', 'X4']",0.6849532265736482
167,"['X30_7', '政治傾向_10', '籍貫_6', '主要使用聯絡方式_7', 'X14', 'X56']",0.6825749167591565
168,"['X28.1_99', '城市_19', 'X53', '政治傾向_4', '城市_2', 'X14', '政治傾向_10']",0.6825749167591565
169,"['X65_7', 'X28.1_5', '政治傾向_10']",0.6862216584747106
170,"['政治傾向_9', 'X12_5']",0.688917076264468
171,"['城市_17', 'X9', 'X30_6']",0.6835262406849533
172,"['X30_2', '籍貫_1', '主要使用聯絡方式_7', 'X14', '城市_19', 'X28.1_5', 'X28.1_1', '城市_4', 'X28.1_3']",0.6630727762803235
173,"['X66_2', '職業.x_1', '政治傾向_4', '政治傾向_10', '城市_2', '城市_8', '城市_14', '政治傾向_7', '城市_4', '政治傾向_9']",0.7038211511019503
174,"['城市_19', '城市_17', '教育階段.x', 'X28.1_99', 'X65_2', 'X14', 'X36', '籍貫_6', 'X28.1_2', '政治傾向_4']",0.6711590296495957
175,"['X30_2', '職業.x_8', 'X66_2', '職業.x_12', '主要使用聯絡方式_2', '主要使用聯絡方式_7', '城市_12']",0.685270334548914
176,"['X65_3', '籍貫_1', 'X28.1_5', 'X65_7', 'X14', '城市_19', '主要使用聯絡方式_7', '政治傾向_7', '年齡區間.x']",0.6646583161566513
177,"['城市_4', 'X66_5', 'X54', '年齡區間.x', '婚姻狀態', '職業.x_12', '城市_13', 'X53', '職業.x_5', 'X65_3']",0.674647217377517
178,"['政治傾向_10', 'X54', 'X28.1_1', 'X30_6', 'X9', 'X28.1_99', '城市_17', '職業.x_5', 'X65_2', '職業.x_12']",0.6809893768828286
179,"['主要使用聯絡方式_9', '職業.x_10', '職業.x_12', '婚姻狀態', 'X54', '城市_7', 'X28.1_2', '城市_19', 'X9']",0.679879498969399
180,"['X30_1', 'X48', 'X66_5', '教育階段.x']",0.6895512922149992
181,"['X30_6', 'X65_3', '婚姻狀態', '主要使用聯絡方式_3', 'X54', '職業.x_8']",0.6862216584747107
182,"['X48', '城市_2', '年齡區間.x', 'X65_2', '職業.x_8']",0.6813064848580942
183,"['職業.x_10', 'X30_1', '主要使用聯絡方式_3', '城市_13', 'X30_6']",0.679879498969399
184,"['城市_19', 'X54', '主要使用聯絡方式_3', 'X28.1_99', 'X4', '職業.x_1']",0.68447756461075
185,"['X4', 'X36', 'X28.1_5', '婚姻狀態', '城市_17', 'X53', '政治傾向_4', 'X9']",0.6755985413033138
186,"['X30_7', '性別.x', '主要使用聯絡方式_8', 'X28.1_1', '職業.x_8', 'X30_1', 'X12_2', 'X28.1_3', '城市_8', '政治傾向_9']",0.706199460916442
187,"['政治傾向_7', 'X66_5', '職業.x_1', '政治傾向_9', '城市_15', 'X28.1_5', 'X30_2']",0.688917076264468
188,"['城市_17', 'X54', '政治傾向_9', 'X30_1', '城市_15', '主要使用聯絡方式_8']",0.6854288885365467
189,"['X12_5', 'X14', 'X12_2', '城市_8']",0.7020770572379895
190,"['X5', '職業.x_12', 'X28.1_99', '性別.x', 'X65_3']",0.6887585222768352
191,"['X30_1', '職業.x_6', '政治傾向_10', '城市_8', 'X4', 'X65_3', '主要使用聯絡方式_8', 'X36']",0.7020770572379896
192,"['籍貫_1', '職業.x_12', 'X65_2', '政治傾向_9', '政治傾向_3', 'X28.1_5']",0.6754399873156809
193,"['X65_7', 'X28.1_3', '職業.x_1']",0.6859045504994451
194,"['X28.1_2', 'X4', '職業.x_12', '主要使用聯絡方式_2', 'X65_2', '政治傾向_3', '籍貫_1', '教育階段.x']",0.6516568891707626
195,"['X5', 'X28.1_99', '主要使用聯絡方式_3', 'X54', '主要使用聯絡方式_9', '主要使用聯絡方式_2', 'X30_6', '政治傾向_10', '教育階段.x', 'X65_2']",0.681465038845727
196,"['X28.1_3', '主要使用聯絡方式_7', '城市_8', '婚姻狀態', 'X65_2', '政治傾向_10', '政治傾向_7']",0.7036625971143176
197,"['性別.x', 'X28.1_3', 'X56', 'X30_5', '職業.x_12']",0.6909782781036943
198,"['職業.x_1', '城市_14', 'X28.1_5', '職業.x_5', 'X28.1_1']",0.681465038845727
199,"['主要使用聯絡方式_9', 'X28.1_2', 'X66_2', '職業.x_12', '城市_13', '城市_7']",0.6830505787220549
200,"['職業.x_6', '籍貫_1', '教育階段.x', '城市_13', '城市_8', 'X53', '城市_14', '職業.x_12', 'X65_3']",0.6941493578563501
201,"['城市_2', '城市_14', '婚姻狀態']",0.6870144284128746
202,"['X12_5', '城市_17', '性別.x', '政治傾向_10']",0.6909782781036943
203,"['X12_5', '主要使用聯絡方式_7', 'X36', '城市_15', 'X30_7', '主要使用聯絡方式_9', '政治傾向_7', 'X4', '性別.x', '職業.x_8']",0.6871729824005073
204,"['X64_5', 'X12_2', '籍貫_1', 'X30_2', '籍貫_6', '城市_13', 'X30_1', 'X28.1_5', 'X54']",0.6293007769145393
205,"['職業.x_10', 'X53', 'X30_5', '城市_7', '政治傾向_9']",0.6797209449817663
206,"['X12_5', '職業.x_12']",0.6892341842397336
207,"['城市_7', 'X28.1_3', '政治傾向_7', 'X36', '年齡區間.x', '籍貫_6', '性別.x', 'X53', '職業.x_10', '婚姻狀態']",0.6399238940859363
208,"['城市_8', '教育階段.x', 'X5', '政治傾向_9', 'X12_2', 'X28.1_2', '年齡區間.x', 'X54', 'X30_5', '職業.x_8']",0.693515141905819
209,"['主要使用聯絡方式_8', 'X30_6', '城市_4', 'X30_7', 'X56']",0.6868558744252418
210,"['職業.x_6', '籍貫_1']",0.6397653400983035
211,"['政治傾向_4', '城市_4', '政治傾向_3', '職業.x_8', '職業.x_10', 'X4', 'X48']",0.6813064848580942
212,"['X12_5', '城市_8', '主要使用聯絡方式_7', '城市_17', '職業.x_6']",0.6996987474234978
213,"['主要使用聯絡方式_3', '政治傾向_4', 'X12_2', 'X30_6', '城市_7', '籍貫_1', 'X9', 'X53', '職業.x_5']",0.6391311241477723
214,"['主要使用聯絡方式_8', 'X30_6']",0.6871729824005074
215,"['X30_1', '教育階段.x', '職業.x_8', 'X12_2', '主要使用聯絡方式_9', '主要使用聯絡方式_3', 'X28.1_1', '城市_14']",0.6868558744252418
216,"['X12_5', '主要使用聯絡方式_2', 'X54']",0.6873315363881402
217,"['政治傾向_7', 'X30_7', '主要使用聯絡方式_7', '城市_13', 'X30_2', 'X65_2', 'X53', 'X66_2']",0.6808308228951958
218,"['X30_2', 'X65_7', 'X66_2', 'X28.1_99', '主要使用聯絡方式_2', '城市_2', '婚姻狀態', 'X12_5', '職業.x_10']",0.6892341842397336
219,"['X30_6', 'X30_7', 'X28.1_99', '政治傾向_3', '職業.x_12', 'X56', '城市_4']",0.6866973204376089
220,"['城市_19', '職業.x_8', '政治傾向_10', 'X12_2', '性別.x', '籍貫_6', '主要使用聯絡方式_8', '政治傾向_3']",0.6887585222768352
221,"['職業.x_5', '職業.x_10', 'X28.1_1', 'X66_5', 'X66_2', 'X56', '主要使用聯絡方式_9', '城市_12', 'X53', '性別.x']",0.6862216584747106
222,"['城市_17', '政治傾向_7', '性別.x', 'X66_5', 'X64_5', '主要使用聯絡方式_7', 'X65_2']",0.6917710480418583
223,"['X56', '城市_7', '政治傾向_9', 'X66_5', '年齡區間.x', 'X30_6', 'X4', '婚姻狀態']",0.6906611701284288
224,"['X28.1_5', '政治傾向_9', 'X12_2', 'X9', 'X14', '城市_19', 'X65_3', 'X66_2', '職業.x_5', '主要使用聯絡方式_9']",0.6851117805612811
225,"['城市_19', 'X30_6', 'X54', '籍貫_1', '政治傾向_9']",0.641667987949897
226,"['政治傾向_4', 'X65_3', 'X14']",0.68447756461075
227,"['城市_7', 'X28.1_3']",0.6865387664499762
228,"['X30_6', '城市_15', '職業.x_12', '職業.x_5', 'X54']",0.6851117805612812
229,"['主要使用聯絡方式_9', '城市_15']",0.6863802124623435
230,"['X14', '年齡區間.x', '主要使用聯絡方式_2', 'X5', 'X30_7', '政治傾向_4', 'X36']",0.6797209449817664
231,"['城市_8', 'X36']",0.70096717932456
232,"['婚姻狀態', 'X28.1_5', 'X30_5', '政治傾向_4', '城市_13', 'X5']",0.6789281750436024
233,"['X54', '城市_7', 'X14', 'X30_7']",0.680672268907563
234,"['主要使用聯絡方式_9', '主要使用聯絡方式_2', 'X65_7', 'X30_1', 'X14', '主要使用聯絡方式_3', '政治傾向_3', 'X36', 'X48', 'X28.1_2']",0.6786110670683367
235,"['X14', 'X56', '城市_14']",0.68447756461075
236,"['X30_5', '婚姻狀態', 'X28.1_1']",0.6870144284128746
237,"['X14', 'X4']",0.6840019026478517
238,"['城市_17', 'X14', '城市_13', '教育階段.x', '城市_7', 'X56', '城市_8', '城市_19', '政治傾向_4', 'X28.1_3']",0.6903440621531631
239,"['X5', '職業.x_1', 'X28.1_2', 'X36', '主要使用聯絡方式_8']",0.6832091327096876
240,"['城市_4', 'X30_2', '主要使用聯絡方式_2', 'X30_6', '職業.x_6', 'X14', '婚姻狀態', '政治傾向_9', 'X9']",0.676866973204376
241,"['城市_8', 'X28.1_3', 'X56', '職業.x_8']",0.6996987474234978
242,"['主要使用聯絡方式_2', 'X28.1_1']",0.6870144284128746
243,"['X12_5', '城市_15', '性別.x', 'X12_2']",0.689709846202632
244,"['政治傾向_9', '政治傾向_10', 'X48', 'X28.1_99', '職業.x_5', 'X12_2', '職業.x_1', '主要使用聯絡方式_7']",0.6849532265736483
245,"['X30_5', '年齡區間.x', '城市_19', 'X28.1_1', '職業.x_1', 'X28.1_5']",0.6840019026478515
246,"['X30_5', 'X54', '職業.x_12', 'X12_2', '城市_15', 'X64_5', 'X30_2']",0.6866973204376089
247,"['X4', '城市_12', '職業.x_12']",0.6847946725860156
248,"['籍貫_6', '政治傾向_9', '城市_17', '主要使用聯絡方式_8', 'X28.1_99', '政治傾向_10', '教育階段.x', 'X65_2', 'X28.1_5', 'X65_7']",0.6832091327096876
249,"['城市_7', '城市_19', '年齡區間.x', 'X56', '職業.x_10', 'X12_2', 'X66_2', '職業.x_6', 'X36', 'X53']",0.6813064848580942
250,"['政治傾向_10', '職業.x_10', 'X30_6', 'X28.1_5', 'X28.1_99', '政治傾向_9', '籍貫_6', 'X28.1_2', 'X64_5', '主要使用聯絡方式_3']",0.6825749167591565
251,"['城市_14', '城市_17', 'X30_2', 'X9', 'X54']",0.6841604566354844
252,"['城市_4', 'X36', 'X5', '城市_17', 'X28.1_2', '城市_2', 'X53', '城市_15', 'X4']",0.6843190106231172
253,"['城市_13', '政治傾向_9', 'X12_5', 'X30_6', '主要使用聯絡方式_3', 'X66_2', '城市_17', 'X28.1_2']",0.6840019026478515
254,"['X65_2', '城市_13']",0.6825749167591564
255,"['X30_6', '城市_14', 'X53', 'X66_2', 'X64_5']",0.6874900903757729
256,"['主要使用聯絡方式_7', 'X30_5', 'X4']",0.6870144284128746
257,"['X28.1_2', 'X30_2', '年齡區間.x', '城市_13', 'X28.1_99', 'X54', 'X56', 'X28.1_1', '教育階段.x', 'X30_7']",0.6801966069446647
258,"['X36', '職業.x_12', '主要使用聯絡方式_2', 'X14', '籍貫_1', 'X54', 'X53', '籍貫_6']",0.6261296971618836
259,"['教育階段.x', '職業.x_6', 'X4', 'X28.1_3', '主要使用聯絡方式_7', '城市_12']",0.6863802124623434
260,"['城市_19', '主要使用聯絡方式_8', 'X30_1']",0.6871729824005074
261,"['政治傾向_10', 'X30_5', '城市_8', '年齡區間.x', '政治傾向_3', 'X28.1_5', '城市_12', '教育階段.x']",0.697320437609006
262,"['職業.x_6', '職業.x_8', 'X4', 'X30_7']",0.6855874425241796
263,"['城市_2', 'X28.1_5', '性別.x', 'X30_6', '政治傾向_9']",0.6871729824005073
264,"['X65_2', '城市_4', '主要使用聯絡方式_8', 'X53']",0.6879657523386713
265,"['X53', '教育階段.x', '城市_15', 'X5', '主要使用聯絡方式_7', '政治傾向_4', '職業.x_5', 'X30_1', '城市_19', 'X28.1_1']",0.67765974314254
266,"['X28.1_2', 'X9', '政治傾向_10', 'X4', 'X64_5', 'X28.1_3', 'X30_7']",0.691929602029491
267,"['城市_13', '政治傾向_7', 'X30_2']",0.6817821468209926
268,"['婚姻狀態', 'X5', '職業.x_5', '職業.x_1', '職業.x_10']",0.6830505787220548
269,"['X65_2', 'X48']",0.6870144284128746
270,"['X65_7', '政治傾向_4', '城市_14', '職業.x_8', '城市_8', 'X54']",0.6971618836213731
271,"['職業.x_5', '職業.x_12', '城市_4', '主要使用聯絡方式_8', 'X30_5', '職業.x_8', '城市_17', '城市_15', 'X9', '政治傾向_10']",0.6862216584747106
272,"['職業.x_6', 'X56', 'X36', '職業.x_1', '城市_15', '職業.x_12']",0.6898684001902647
273,"['X66_5', '籍貫_1', '婚姻狀態', '政治傾向_3', '籍貫_6']",0.6394482321230379
274,"['X53', '政治傾向_3', '職業.x_1', '城市_17', '城市_2', '城市_13', 'X5']",0.6754399873156809
275,"['X12_5', '職業.x_6', '職業.x_12', '政治傾向_9', 'X56']",0.6922467100047566
276,"['婚姻狀態', '職業.x_8', 'X66_5', '政治傾向_9', '城市_7', 'X64_5', '政治傾向_3']",0.6912953860789599
277,"['X28.1_3', 'X30_1']",0.6870144284128746
278,"['城市_19', '職業.x_8', 'X30_1']",0.6870144284128746
279,"['籍貫_6', 'X12_2', 'X30_6', 'X28.1_2', 'X14']",0.6350087204693198
280,"['政治傾向_3', 'X65_7', '主要使用聯絡方式_8', '性別.x', '籍貫_1', '年齡區間.x', '教育階段.x', 'X56', '籍貫_6', 'X12_5']",0.6456318376407167
281,"['X28.1_5', '城市_7', 'X5', '城市_13']",0.6789281750436024
282,"['主要使用聯絡方式_7', '城市_4', 'X28.1_2', '城市_15', '城市_19', '籍貫_6', '政治傾向_3', '職業.x_6']",0.6522911051212938
283,"['城市_2', 'X4', '城市_12', '主要使用聯絡方式_9', 'X28.1_99', '籍貫_6', 'X66_5', 'X65_7', '職業.x_12', '政治傾向_4']",0.689075630252101
284,"['X65_3', 'X64_5', 'X30_2', 'X28.1_3', '教育階段.x', 'X14', '性別.x', '職業.x_10', '城市_19']",0.6862216584747107
285,"['城市_12', 'X66_5', '主要使用聯絡方式_9']",0.6885999682892024
286,"['職業.x_10', '主要使用聯絡方式_8', '城市_14', '政治傾向_3', 'X28.1_2', 'X65_7', '婚姻狀態']",0.6809893768828286
287,"['X9', '職業.x_1', 'X14']",0.6843190106231172
288,"['X5', 'X65_2', 'X9', 'X28.1_99', '政治傾向_7']",0.6908197241160615
289,"['X28.1_99', '教育階段.x', '年齡區間.x']",0.6871729824005073
290,"['城市_19', '職業.x_10', '籍貫_1', '政治傾向_7', '主要使用聯絡方式_7', 'X5', '城市_4', '政治傾向_10', 'X54', '職業.x_5']",0.6797209449817663
291,"['X65_2', '政治傾向_10', 'X53', 'X30_5', 'X12_2', '籍貫_1', '城市_15']",0.6824163627715237
292,"['X54', '政治傾向_10', '主要使用聯絡方式_9', '職業.x_5', '主要使用聯絡方式_3', '婚姻狀態', '城市_19', 'X66_2', 'X65_2', '政治傾向_7']",0.6862216584747107
293,"['婚姻狀態', 'X30_5', '籍貫_6', 'X65_3', 'X28.1_1', 'X66_2', 'X30_7', 'X48']",0.6494371333439036
294,"['X65_7', 'X30_6']",0.6857459965118123
295,"['城市_14', 'X56', 'X12_2', 'X14', '主要使用聯絡方式_3']",0.6857459965118123
296,"['X28.1_5', '職業.x_12', '職業.x_8', 'X65_3', 'X28.1_3', 'X5']",0.6843190106231172
297,"['X4', 'X65_3', '主要使用聯絡方式_8']",0.6874900903757729
298,"['X9', 'X30_6', '城市_8', '主要使用聯絡方式_2', '籍貫_1', 'X64_5', 'X54', '城市_12', '政治傾向_4', '城市_17']",0.6930394799429206
299,"['籍貫_6', '職業.x_6', '性別.x']",0.6430949738385922
300,"['X28.1_99', 'X54', 'X66_2']",0.6870144284128746
301,"['政治傾向_7', '政治傾向_4', '政治傾向_9', 'X66_5', '職業.x_10', '城市_14', 'X5', 'X4', '職業.x_5', '城市_13']",0.6865387664499761
302,"['X30_7', 'X56']",0.6855874425241796
303,"['主要使用聯絡方式_8', 'X12_5', '城市_4', 'X48', '城市_15', '性別.x']",0.6963691136832092
304,"['婚姻狀態', 'X56', '主要使用聯絡方式_9', 'X28.1_5', '主要使用聯絡方式_8', '城市_17', 'X53', '年齡區間.x', '政治傾向_7']",0.6762327572538449
305,"['X30_2', 'X53', '政治傾向_4', '城市_12', '城市_19', '城市_8']",0.6951006817821469
306,"['X53', '城市_14', 'X48', '年齡區間.x', '籍貫_1', 'X9']",0.630410654827969
307,"['X36', 'X28.1_5', '政治傾向_9', '教育階段.x', '婚姻狀態']",0.6847946725860156
308,"['主要使用聯絡方式_2', 'X30_6', 'X5']",0.68447756461075
309,"['城市_7', 'X30_7', 'X12_2', 'X12_5', '職業.x_10', 'X30_5']",0.6840019026478517
310,"['城市_17', 'X4', 'X66_2', '政治傾向_3', '政治傾向_10']",0.6838433486602188
311,"['職業.x_5', 'X28.1_99', 'X12_2', '主要使用聯絡方式_7', 'X14', '政治傾向_7']",0.6840019026478517
312,"['X53', 'X30_6', '主要使用聯絡方式_8', 'X30_1', '職業.x_8', 'X4', 'X65_3', 'X28.1_1', 'X36', '城市_15']",0.6860631044870777
313,"['城市_17', '職業.x_6']",0.6827334707467893
314,"['職業.x_10', '職業.x_12', '城市_15']",0.6851117805612812
315,"['職業.x_6', 'X28.1_5', 'X56', '城市_19', '政治傾向_3']",0.6862216584747106
316,"['職業.x_5', 'X30_5', 'X65_7', 'X66_2', '政治傾向_3', '城市_14', 'X65_2', 'X12_5', '職業.x_12']",0.6884414143015697
317,"['X14', 'X28.1_2']",0.68447756461075
318,"['X28.1_2', 'X14', 'X4', '政治傾向_7']",0.6906611701284288
319,"['年齡區間.x', '城市_19', 'X64_5', '職業.x_12', '職業.x_8', '城市_2']",0.6866973204376089
320,"['X30_6', '城市_19', 'X66_2', 'X30_7', 'X30_1', 'X65_2', 'X48', 'X28.1_3']",0.6824163627715237
321,"['X28.1_3', '城市_15', '政治傾向_7', 'X28.1_99', '城市_19', 'X30_2', 'X65_7']",0.6840019026478517
322,"['X66_5', '城市_4']",0.6917710480418583
323,"['職業.x_8', '主要使用聯絡方式_7', 'X12_5', 'X65_2']",0.6884414143015697
324,"['X5', '城市_15', '主要使用聯絡方式_9', '職業.x_5', 'X30_5', 'X12_5', 'X65_2', 'X64_5', '城市_7']",0.685904550499445
325,"['X56', 'X14', 'X66_2', 'X30_6', 'X66_5', '政治傾向_4', 'X48', '城市_2', 'X30_7', 'X28.1_1']",0.6870144284128745
326,"['X54', 'X30_5', 'X30_7', 'X28.1_1', '籍貫_1', '城市_19', 'X66_5', '籍貫_6', 'X9']",0.6484858094181067
327,"['X54', 'X30_7']",0.6849532265736483
328,"['主要使用聯絡方式_7', '政治傾向_3', '城市_13', 'X65_7']",0.681465038845727
329,"['主要使用聯絡方式_9', 'X28.1_99', 'X30_5', '城市_8', '籍貫_1', 'X30_1', '主要使用聯絡方式_8', 'X66_2', '城市_12']",0.7001744093863961
330,"['主要使用聯絡方式_9', 'X28.1_3', '城市_15', '城市_19', '主要使用聯絡方式_3']",0.6851117805612812
331,"['X65_3', 'X66_2', '主要使用聯絡方式_3', '職業.x_10', 'X28.1_1']",0.682257808783891
332,"['籍貫_6', '主要使用聯絡方式_2', '性別.x', '教育階段.x', 'X53', '職業.x_6', 'X14', 'X56', '籍貫_1', 'X30_5']",0.6410337719993658
333,"['X48', '性別.x']",0.6890756302521008
334,"['X54', '年齡區間.x', '職業.x_8', 'X30_2', '城市_7', '城市_17', '職業.x_10']",0.6781354051054383
335,"['主要使用聯絡方式_7', '城市_17', 'X28.1_5', '城市_8', '城市_19', '主要使用聯絡方式_8', '政治傾向_7', 'X36', 'X66_5', 'X28.1_99']",0.6985888695100682
336,"['X5', '政治傾向_9', '職業.x_5', '城市_4', 'X66_2', 'X66_5', 'X28.1_1', 'X48']",0.6881243063263041
337,"['X12_2', 'X28.1_3', 'X28.1_5', '籍貫_1', '主要使用聯絡方式_3', 'X54', 'X36']",0.638655462184874
338,"['城市_13', '主要使用聯絡方式_8', '政治傾向_10', 'X53', 'X30_5', 'X28.1_5', 'X5', 'X9', '主要使用聯絡方式_3', '主要使用聯絡方式_2']",0.6862216584747106
339,"['政治傾向_4', '政治傾向_10', 'X30_7', '籍貫_6', '主要使用聯絡方式_9', '職業.x_8', 'X65_3', 'X54', 'X66_5']",0.6844775646107498
340,"['X30_5', '婚姻狀態']",0.6870144284128746
341,"['婚姻狀態', '城市_17', 'X30_6', 'X28.1_5', '城市_12']",0.6775011891549072
342,"['政治傾向_9', '城市_13', 'X12_2', '城市_19', 'X28.1_99', 'X65_3']",0.6827334707467893
343,"['X65_7', '城市_12', 'X66_5']",0.6882828603139368
344,"['X30_5', 'X48', '主要使用聯絡方式_2', '政治傾向_7', '職業.x_6', 'X12_2', 'X28.1_1']",0.6813064848580942
345,"['政治傾向_3', '主要使用聯絡方式_2', 'X48', '籍貫_6', '年齡區間.x', '主要使用聯絡方式_3', 'X54', 'X28.1_5']",0.647693039479943
346,"['城市_15', 'X65_7']",0.685270334548914
347,"['城市_7', '籍貫_1', '城市_15', '主要使用聯絡方式_3']",0.6434120818138577
348,"['X28.1_3', '職業.x_10', '教育階段.x', 'X65_2', 'X28.1_1']",0.6835262406849533
349,"['性別.x', '籍貫_6', 'X14']",0.6384969081972411
350,"['城市_14', 'X30_5', 'X30_1', 'X14', '城市_7', 'X66_2', '主要使用聯絡方式_7']",0.6462660535912478
351,"['籍貫_1', '政治傾向_10', 'X65_7', 'X56']",0.6857459965118123
352,"['X65_3', '職業.x_8', '主要使用聯絡方式_7', '城市_19', 'X54', '城市_7', '政治傾向_10', '籍貫_1', 'X65_7', '政治傾向_7']",0.6857459965118123
353,"['X65_2', '政治傾向_7', 'X28.1_99', '職業.x_12', '政治傾向_3', '政治傾向_4', '主要使用聯絡方式_2']",0.6887585222768352
354,"['X36', 'X65_3', '政治傾向_4', '城市_8', 'X53', '婚姻狀態', 'X5', 'X28.1_2']",0.6974789915966387
355,"['X30_7', '職業.x_12']",0.6860631044870779
356,"['年齡區間.x', '主要使用聯絡方式_2', '政治傾向_7']",0.6868558744252419
357,"['職業.x_8', '主要使用聯絡方式_2', 'X65_7', '年齡區間.x', '城市_8', 'X30_6', '主要使用聯絡方式_8']",0.7019185032503569
358,"['X28.1_2', '城市_7', '主要使用聯絡方式_7']",0.6870144284128746
359,"['籍貫_6', 'X30_1', '城市_19', '政治傾向_9', '主要使用聯絡方式_2', '婚姻狀態', '職業.x_6', '籍貫_1']",0.6402410020612018
360,"['X30_1', 'X48', '職業.x_12', 'X12_2', 'X56']",0.691136832091327
361,"['主要使用聯絡方式_7', '城市_13', '城市_4', 'X14']",0.6828920247344221
362,"['城市_2', 'X14', 'X28.1_2', '主要使用聯絡方式_8', '主要使用聯絡方式_2', 'X66_2', '主要使用聯絡方式_3', 'X65_7', '城市_4', '性別.x']",0.6847946725860156
363,"['婚姻狀態', '職業.x_12', 'X66_2', 'X14', '職業.x_5']",0.6938322498810845
364,"['X30_1', '職業.x_6']",0.6870144284128746
365,"['主要使用聯絡方式_8', 'X14']",0.6865387664499762
366,"['政治傾向_7', 'X65_2', 'X66_2', '性別.x', 'X28.1_3', 'X65_7']",0.6881243063263041
367,"['城市_15', '性別.x', '年齡區間.x', '主要使用聯絡方式_8', 'X65_2', 'X12_2', '城市_19', '主要使用聯絡方式_7', 'X53']",0.6824163627715237
368,"['城市_8', 'X30_6', 'X53', '城市_15', 'X28.1_1', '教育階段.x', '性別.x', '政治傾向_9']",0.7028698271761536
369,"['主要使用聯絡方式_9', '城市_17', 'X56', 'X53', '城市_8', 'X28.1_99', '政治傾向_10', 'X65_2']",0.6992230854605993
370,"['主要使用聯絡方式_8', '性別.x', 'X66_2', '城市_12', '職業.x_6', '政治傾向_10']",0.6898684001902647
371,"['X64_5', '城市_15', '城市_4']",0.6870144284128746
372,"['城市_12', '職業.x_12']",0.685270334548914
373,"['職業.x_1', '主要使用聯絡方式_8']",0.6878071983510384
374,"['城市_14', '主要使用聯絡方式_7', 'X48', '職業.x_8', 'X5', '城市_8', '政治傾向_4', 'X4']",0.6976375455842715
375,"['X30_5', '政治傾向_10', 'X65_7', '主要使用聯絡方式_8', '性別.x', 'X56', 'X53', '城市_4', 'X30_1']",0.692722371967655
376,"['主要使用聯絡方式_7', '城市_2', 'X54', '城市_4', '年齡區間.x']",0.6843190106231172
377,"['城市_2', 'X64_5', 'X30_7', 'X5', '城市_8']",0.7004915173616616
378,"['主要使用聯絡方式_3', '城市_15', 'X30_2', '職業.x_6', 'X54', '城市_17', '職業.x_1', 'X12_5', '教育階段.x']",0.6849532265736483
379,"['城市_13', '職業.x_12', '城市_19', '性別.x', 'X36', '城市_7', '教育階段.x', 'X66_5']",0.6860631044870777
380,"['政治傾向_10', 'X30_7', 'X64_5', 'X5', '主要使用聯絡方式_7', '主要使用聯絡方式_3', '城市_4']",0.6860631044870779
381,"['主要使用聯絡方式_9', '政治傾向_9', 'X14', '職業.x_5', '城市_13', '政治傾向_7', 'X64_5', '年齡區間.x', 'X53', '主要使用聯絡方式_8']",0.6754399873156809
382,"['城市_14', 'X28.1_2', '城市_12', '職業.x_6', 'X28.1_99', '職業.x_10']",0.6820992547962581
383,"['城市_7', '教育階段.x']",0.6866973204376091
384,"['政治傾向_4', '性別.x', 'X4', 'X53', 'X36', 'X12_5', 'X5', 'X28.1_2', '城市_7', 'X28.1_1']",0.6881243063263042
385,"['籍貫_6', '職業.x_1']",0.6356429364198509
386,"['主要使用聯絡方式_7', '主要使用聯絡方式_3', 'X14', '城市_4', '職業.x_8', '年齡區間.x', 'X30_7', '政治傾向_9', 'X56']",0.6786110670683367
387,"['X9', 'X30_7', 'X28.1_3']",0.6855874425241796
388,"['政治傾向_7', 'X28.1_99', '籍貫_6', 'X54', 'X28.1_1']",0.6484858094181069
389,"['X9', 'X30_1', '政治傾向_10', 'X14', '城市_7', 'X30_6']",0.6862216584747107
390,"['職業.x_1', '城市_13']",0.6832091327096876
391,"['政治傾向_3', 'X28.1_2', '職業.x_12', 'X30_6', '政治傾向_10', '籍貫_1', 'X65_7', '城市_12', '城市_2']",0.6838433486602187
392,"['X30_2', '職業.x_10', 'X28.1_2', '主要使用聯絡方式_9', '主要使用聯絡方式_2', '城市_2', '城市_15', 'X12_2']",0.6832091327096876
393,"['城市_8', '城市_7', 'X54', '職業.x_6', 'X28.1_5', '政治傾向_4', '職業.x_8', 'X9', 'X5', 'X28.1_2']",0.6968447756461076
394,"['X53', 'X4', '主要使用聯絡方式_9', '職業.x_12', '城市_4', '性別.x', 'X28.1_99']",0.6879657523386713
395,"['X66_5', 'X65_3', 'X53']",0.6912953860789599
396,"['X28.1_1', '城市_13', 'X5', '城市_17']",0.680672268907563
397,"['婚姻狀態', '城市_8', 'X36', '主要使用聯絡方式_9', '主要使用聯絡方式_7']",0.7003329633740288
398,"['職業.x_8', 'X12_5', '城市_4', '城市_8', '城市_12', '城市_14', '主要使用聯絡方式_2']",0.7019185032503568
399,"['主要使用聯絡方式_2', 'X28.1_99', '城市_17', '政治傾向_10', '政治傾向_7']",0.6803551609322974
400,"['政治傾向_3', '主要使用聯絡方式_3', 'X66_5', 'X30_2', 'X28.1_1', '職業.x_8', 'X30_5', '政治傾向_7', '年齡區間.x']",0.68447756461075
401,"['職業.x_6', 'X56']",0.6870144284128746
402,"['職業.x_8', '主要使用聯絡方式_8', 'X30_7', 'X65_7', 'X53', 'X66_2', 'X65_3', '性別.x', 'X30_5']",0.68447756461075
403,"['籍貫_1', 'X30_7']",0.6348501664816871
404,"['X30_2', 'X65_3', 'X28.1_1', '城市_4', 'X12_5', '職業.x_10', '城市_2']",0.6833676866973205
405,"['X12_5', '職業.x_1']",0.6892341842397336
406,"['政治傾向_10', 'X30_5', '籍貫_6']",0.6870144284128746
407,"['政治傾向_7', '職業.x_1', 'X14', '主要使用聯絡方式_3', 'X12_2', '城市_4', '主要使用聯絡方式_7', 'X56', '職業.x_6', '主要使用聯絡方式_8']",0.6870144284128745
408,"['婚姻狀態', 'X5', '城市_17', '城市_2', '教育階段.x', 'X30_1', 'X30_2', 'X66_2', 'X30_5', 'X56']",0.6803551609322974
409,"['政治傾向_7', '城市_4', 'X28.1_5']",0.6857459965118123
410,"['X28.1_2', 'X14', '城市_4', 'X66_5', 'X65_7', '政治傾向_9']",0.6903440621531631
411,"['X30_2', 'X66_5', '政治傾向_3', '職業.x_5', 'X12_5', '婚姻狀態', 'X28.1_3', '職業.x_6', '城市_8', '性別.x']",0.7060409069288093
412,"['X30_1', 'X30_7', '籍貫_1', '籍貫_6']",0.6356429364198509
413,"['籍貫_1', 'X54']",0.6348501664816871
414,"['X65_2', 'X66_5', '城市_14', '職業.x_8', '城市_8', '主要使用聯絡方式_7', 'X36']",0.7044553670524814
415,"['主要使用聯絡方式_7', 'X12_5', 'X65_7', 'X30_7']",0.6868558744252418
416,"['城市_19', 'X56', '城市_17', '主要使用聯絡方式_8', 'X30_6', 'X36', '職業.x_10']",0.681465038845727
417,"['城市_19', '主要使用聯絡方式_3', '籍貫_1', '主要使用聯絡方式_2', '職業.x_8', 'X36', '婚姻狀態', '城市_4']",0.6591089265895037
418,"['主要使用聯絡方式_2', '城市_8', 'X28.1_2', '城市_2', 'X48', '職業.x_12']",0.7044553670524814
419,"['年齡區間.x', '教育階段.x', 'X30_6', '城市_4']",0.6879657523386713
420,"['X28.1_1', 'X28.1_5', '年齡區間.x']",0.685270334548914
421,"['政治傾向_4', 'X4']",0.6866973204376091
422,"['X30_5', 'X12_5', 'X28.1_3', 'X5', 'X14', 'X48', '政治傾向_3', '職業.x_12', '教育階段.x', 'X36']",0.6847946725860156
423,"['X28.1_99', '政治傾向_7', 'X53', 'X64_5', '城市_8', '主要使用聯絡方式_9', 'X30_6', 'X14', '政治傾向_4', '政治傾向_10']",0.6989059774853338
424,"['X28.1_1', 'X30_5', 'X9', 'X56', 'X28.1_99', '城市_7', '職業.x_5', 'X48']",0.6819407008086253
425,"['X30_5', 'X54', '職業.x_10', '教育階段.x', '政治傾向_3', 'X66_2', 'X4', '主要使用聯絡方式_9']",0.6767084192167433
426,"['職業.x_1', 'X66_2', 'X64_5']",0.6863802124623435
427,"['城市_14', '年齡區間.x', '教育階段.x']",0.6878071983510384
428,"['城市_7', '性別.x', '主要使用聯絡方式_2', 'X65_3', '城市_19', '城市_14']",0.6892341842397336
429,"['城市_17', 'X30_7', 'X65_3']",0.6811479308704614
430,"['職業.x_5', 'X36', '城市_19', '教育階段.x', '主要使用聯絡方式_9', 'X65_7', 'X28.1_3']",0.6846361185983828
431,"['X5', 'X12_2', '政治傾向_9', 'X30_5', 'X65_3', '職業.x_8']",0.68447756461075
432,"['X28.1_3', 'X14', '教育階段.x', '政治傾向_4', 'X65_7', 'X30_2', 'X66_2']",0.687490090375773
433,"['主要使用聯絡方式_3', 'X30_2']",0.6870144284128746
434,"['城市_2', '城市_19', '性別.x', 'X65_7']",0.6884414143015697
435,"['X30_5', 'X28.1_99', '年齡區間.x', 'X30_6', '城市_12', 'X54', '職業.x_8', '政治傾向_9', '城市_8', '婚姻狀態']",0.695734897732678
436,"['城市_12', '職業.x_12', '籍貫_1', 'X65_3', 'X48', 'X5', 'X28.1_3', 'X12_5', '主要使用聯絡方式_7']",0.6827334707467891
437,"['職業.x_5', '職業.x_6', 'X4', '主要使用聯絡方式_3', '主要使用聯絡方式_9', 'X36', 'X65_2', 'X28.1_99']",0.6828920247344221
438,"['X54', '職業.x_1', '城市_4', 'X36']",0.6854288885365467
439,"['X65_3', 'X36']",0.6870144284128746
440,"['婚姻狀態', 'X28.1_2']",0.6870144284128746
441,"['X30_7', 'X14', 'X28.1_3', 'X28.1_5', 'X65_2', 'X66_5', 'X65_3', 'X36', 'X4', '職業.x_8']",0.6849532265736483
442,"['主要使用聯絡方式_3', '城市_14', '城市_15', '教育階段.x', 'X36', '政治傾向_4', 'X28.1_3', '政治傾向_9', 'X66_2']",0.6451561756778182
443,"['性別.x', '政治傾向_10', '城市_12']",0.6876486443634057
444,"['職業.x_10', 'X65_2', '城市_12', '職業.x_1']",0.6817821468209926
445,"['X36', '性別.x', 'X56', '職業.x_8', 'X66_5', 'X53', '主要使用聯絡方式_3', '城市_17', 'X66_2', 'X9']",0.6874900903757729
446,"['X4', 'X54', '城市_14', '主要使用聯絡方式_3']",0.6854288885365467
447,"['城市_7', 'X64_5', 'X12_5']",0.689709846202632
448,"['主要使用聯絡方式_9', 'X9', '城市_8', 'X36', '城市_4', 'X28.1_99', '籍貫_1', '城市_13', '主要使用聯絡方式_8']",0.6962105596955764
449,"['主要使用聯絡方式_8', 'X30_5', 'X9', 'X66_2', 'X28.1_3']",0.6920881560171238
450,"['城市_7', '城市_12', '政治傾向_4', 'X30_7', 'X48']",0.681465038845727
451,"['X28.1_3', 'X30_5', '職業.x_12', 'X64_5', 'X28.1_99', 'X30_7', '主要使用聯絡方式_7']",0.6832091327096876
452,"['X28.1_5', 'X65_7', 'X36', '城市_4', 'X4']",0.6854288885365466
453,"['X30_2', '政治傾向_3', '籍貫_6']",0.6356429364198509
454,"['X54', '性別.x', 'X28.1_1', 'X66_5', '婚姻狀態', '城市_19', '城市_4', '政治傾向_3']",0.6905026161407959
455,"['城市_8', '城市_4', 'X65_3', '主要使用聯絡方式_9', '籍貫_1', 'X14', '年齡區間.x', '政治傾向_3', '政治傾向_7']",0.6960520057079436
456,"['X28.1_99', 'X28.1_1', '城市_7', 'X56', 'X30_2', 'X4', '籍貫_1', 'X66_2', '政治傾向_3']",0.6465831615665134
457,"['城市_19', '職業.x_1', 'X64_5']",0.6854288885365467
458,"['政治傾向_10', 'X65_2', 'X30_7', '性別.x']",0.6859045504994451
459,"['城市_19', 'X28.1_3', '城市_2', '城市_17', '性別.x']",0.6885999682892024
460,"['X4', '城市_14', 'X5', '城市_12', '城市_15', 'X56', '職業.x_8', '年齡區間.x', '政治傾向_7']",0.6786110670683367
461,"['X28.1_99', '城市_7', 'X28.1_2', '職業.x_5', '政治傾向_9', '籍貫_1', '婚姻狀態']",0.6478515934675757
462,"['政治傾向_7', 'X66_5', 'X4', '籍貫_6', '城市_19', '職業.x_10', '城市_14']",0.6448390677025527
463,"['城市_14', '政治傾向_10', 'X30_1', '城市_8', 'X36']",0.7008086253369272
464,"['性別.x', 'X14', 'X12_5', 'X65_3', '政治傾向_7', '婚姻狀態', '政治傾向_10']",0.6922467100047566
465,"['職業.x_6', '職業.x_10', '主要使用聯絡方式_7']",0.6846361185983828
466,"['職業.x_6', '職業.x_5', 'X4', '職業.x_12', '性別.x', 'X14', '城市_14', 'X65_2', 'X9']",0.6830505787220549
467,"['政治傾向_3', '性別.x', 'X30_6', 'X30_5', 'X65_3', 'X56', 'X30_1']",0.6857459965118122
468,"['X30_6', '職業.x_10', '城市_13', '政治傾向_9']",0.6789281750436024
469,"['X30_5', 'X65_3', '主要使用聯絡方式_3', '城市_17', '主要使用聯絡方式_7', 'X12_5', 'X28.1_99', '籍貫_1']",0.6843190106231172
470,"['主要使用聯絡方式_3', '籍貫_6', 'X30_7', 'X56']",0.6397653400983035
471,"['X54', 'X30_6', '城市_13', '性別.x', 'X66_5']",0.6870144284128745
472,"['城市_4', 'X5', '職業.x_12', 'X53', '主要使用聯絡方式_8', '職業.x_6']",0.6863802124623434
473,"['主要使用聯絡方式_8', '主要使用聯絡方式_7', '職業.x_8']",0.6865387664499762
474,"['城市_14', '政治傾向_10', 'X28.1_1', 'X30_1', 'X14', '職業.x_10', 'X30_2', 'X28.1_3', 'X54']",0.6808308228951958
475,"['X4', 'X66_5', 'X30_5', '城市_13', 'X14', '主要使用聯絡方式_3', 'X56', '城市_2', '職業.x_1', '城市_15']",0.6854288885365467
476,"['城市_12', 'X65_7', 'X30_7', 'X30_5', 'X28.1_1']",0.6827334707467891
477,"['職業.x_10', '城市_17', '年齡區間.x', '主要使用聯絡方式_3', 'X28.1_3', '職業.x_1']",0.6808308228951958
478,"['城市_19', '職業.x_5', '職業.x_6', '城市_4', 'X28.1_2', 'X65_2', '年齡區間.x']",0.6833676866973205
479,"['主要使用聯絡方式_3', '政治傾向_7', 'X9', 'X12_2', '主要使用聯絡方式_2', '城市_8', 'X12_5', 'X30_7', '城市_17', '城市_12']",0.695734897732678
480,"['職業.x_6', '政治傾向_7', '職業.x_5', 'X4', '性別.x', 'X54', 'X12_5', '主要使用聯絡方式_8', '城市_13', '籍貫_6']",0.6809893768828286
481,"['X4', '政治傾向_3', 'X28.1_1', 'X65_7', 'X28.1_3', 'X48', '主要使用聯絡方式_8', '政治傾向_7', '城市_2', 'X36']",0.6838433486602188
482,"['年齡區間.x', '城市_17', '城市_14', '城市_15', 'X14', '籍貫_6', 'X9', '職業.x_6']",0.6403995560488347
483,"['政治傾向_9', 'X36', '主要使用聯絡方式_8', '政治傾向_3', 'X12_2', '城市_14', '職業.x_1', 'X53', 'X4']",0.6790867290312351
484,"['政治傾向_7', '年齡區間.x', '婚姻狀態', 'X48', '職業.x_8']",0.6813064848580942
485,"['籍貫_6', '城市_14', '城市_2']",0.6361185983827493
486,"['主要使用聯絡方式_7', '城市_4', '性別.x', '城市_13', '城市_17', '年齡區間.x', 'X12_5']",0.6833676866973203
487,"['籍貫_1', 'X64_5', '職業.x_5', 'X28.1_3']",0.6830505787220549
488,"['職業.x_6', 'X36', '職業.x_5', '職業.x_1', '城市_14']",0.6855874425241796
489,"['X12_5', '政治傾向_7']",0.6882828603139368
490,"['職業.x_1', '職業.x_8', 'X66_5', 'X53', '主要使用聯絡方式_7', 'X65_7']",0.6874900903757729
491,"['X65_7', 'X65_2', '職業.x_6', 'X30_5', '政治傾向_9', '政治傾向_7', 'X28.1_3', '城市_2', '年齡區間.x', 'X30_6']",0.666402410020612
492,"['X65_7', 'X48', '城市_13', 'X14', '城市_17', '城市_4', 'X28.1_3', '政治傾向_3', 'X65_2', '政治傾向_10']",0.6832091327096876
493,"['城市_14', 'X12_2', '教育階段.x', 'X9', '籍貫_6', '政治傾向_4', '城市_4', '城市_15']",0.6394482321230379
494,"['城市_17', 'X28.1_99', 'X30_5', '主要使用聯絡方式_9', 'X65_2', 'X53', '城市_13']",0.676074203266212
495,"['X28.1_99', '主要使用聯絡方式_9', 'X48', 'X65_7', 'X65_3']",0.6849532265736482
496,"['城市_12', 'X14', '年齡區間.x', 'X12_2', 'X12_5', '職業.x_10', 'X64_5']",0.6824163627715237
497,"['性別.x', '籍貫_1', 'X30_2', 'X65_3', '政治傾向_10', '主要使用聯絡方式_9', '主要使用聯絡方式_3']",0.6857459965118123
498,"['籍貫_1', '城市_7', '城市_4', 'X36', 'X54', 'X64_5', 'X9']",0.6448390677025527
499,"['X66_5', '主要使用聯絡方式_7', '政治傾向_10', 'X65_2', '城市_4']",0.6912953860789599
500,"['X28.1_2', 'X4', 'X64_5', '城市_7', '籍貫_6', '城市_15', '教育階段.x', '城市_4']",0.6503884572697004
501,"['X30_1', 'X9', '政治傾向_10', '主要使用聯絡方式_8']",0.6871729824005074
502,"['主要使用聯絡方式_8', '籍貫_1', '職業.x_12', 'X30_6', 'X28.1_5', '政治傾向_4']",0.6833676866973203
503,"['職業.x_8', 'X28.1_1', 'X30_7']",0.6855874425241796
504,"['城市_12', '城市_8', 'X36']",0.6984303155224353
505,"['X28.1_3', '政治傾向_9']",0.6870144284128746
506,"['城市_12', '政治傾向_9', '政治傾向_7', '籍貫_1', '職業.x_6', 'X9']",0.6459489456159824
507,"['職業.x_8', '城市_17', '主要使用聯絡方式_9', '政治傾向_7', '職業.x_6']",0.6820992547962581
508,"['城市_7', 'X5', '城市_15', '城市_4', 'X56', 'X28.1_3', 'X66_5', 'X65_2']",0.6876486443634057
509,"['教育階段.x', '主要使用聯絡方式_8', 'X28.1_1', 'X65_3', 'X36', '政治傾向_7', 'X5', '政治傾向_10']",0.6841604566354844
510,"['X30_2', '籍貫_6', '主要使用聯絡方式_9', '城市_12', '政治傾向_4', '籍貫_1', 'X65_2', 'X54', 'X53']",0.6291422229269065
511,"['X28.1_5', '城市_19', '職業.x_6', 'X14', 'X64_5']",0.6844775646107498
512,"['主要使用聯絡方式_3', '城市_2']",0.6870144284128746
513,"['X12_5', 'X28.1_3', '主要使用聯絡方式_9', 'X54', '職業.x_6', 'X65_2', 'X66_5', '城市_8']",0.700332963374029
514,"['政治傾向_4', '城市_14', '職業.x_6', '主要使用聯絡方式_3', '城市_8', '職業.x_1', 'X65_3', 'X56', '職業.x_5', 'X64_5']",0.699540193435865
515,"['城市_15', 'X64_5', 'X65_3', 'X28.1_99', 'X28.1_5', 'X12_5']",0.6873315363881402
516,"['X30_2', 'X28.1_3', '政治傾向_7', 'X28.1_5', 'X28.1_2', '職業.x_10', 'X66_2', 'X30_5', '城市_13']",0.6816235928333597
517,"['城市_8', 'X53', '籍貫_1', '教育階段.x', '職業.x_1', 'X28.1_99', '籍貫_6', 'X4', '城市_12']",0.6524496591089266
518,"['X30_5', '政治傾向_7', 'X30_2', 'X56', '職業.x_10', 'X5', '主要使用聯絡方式_7']",0.6840019026478517
519,"['主要使用聯絡方式_2', 'X30_7', 'X66_2', 'X30_2']",0.6855874425241796
520,"['X30_6', 'X30_5', 'X5', 'X53', '政治傾向_7', 'X14', 'X30_7', 'X28.1_5', 'X4', '城市_4']",0.6852703345489138
521,"['X28.1_5', '主要使用聯絡方式_7', 'X28.1_3', 'X14', 'X65_2', 'X66_5']",0.6884414143015697
522,"['X28.1_2', 'X66_5']",0.6892341842397336
523,"['X28.1_1', '政治傾向_10', 'X28.1_2', 'X28.1_3', '政治傾向_9']",0.6859045504994451
524,"['職業.x_5', '政治傾向_7', 'X65_7', 'X65_2', 'X30_5', 'X28.1_2']",0.6819407008086253
525,"['主要使用聯絡方式_9', '城市_8']",0.7019185032503568
526,"['城市_19', 'X5']",0.68447756461075
527,"['X66_2', '政治傾向_3']",0.6849532265736483
528,"['主要使用聯絡方式_7', 'X12_5']",0.688917076264468
529,"['城市_12', '城市_19']",0.68447756461075
530,"['職業.x_10', 'X30_7', '城市_17', '政治傾向_4']",0.680672268907563
531,"['政治傾向_7', '婚姻狀態', 'X30_2', '職業.x_6', '城市_17']",0.683684794672586
532,"['X54', 'X12_2', '職業.x_12', 'X5', '城市_17', 'X28.1_5']",0.6825749167591565
533,"['X48', '城市_12', '城市_13', 'X30_5', '城市_8', 'X5']",0.6947835738068813
534,"['城市_2', '職業.x_6', 'X30_2', 'X30_5', '城市_7', 'X36']",0.6782939590930713
535,"['X14', 'X65_3', 'X30_2', 'X65_7', '婚姻狀態', 'X30_7']",0.6816235928333597
536,"['X48', 'X5']",0.6825749167591565
537,"['主要使用聯絡方式_2', '城市_8', 'X65_7', 'X30_6', '性別.x']",0.7017599492627239
538,"['X14', 'X28.1_99', 'X12_2', 'X66_2', 'X64_5', '城市_12']",0.6843190106231172
539,"['X30_1', '政治傾向_7']",0.6870144284128746
540,"['主要使用聯絡方式_2', 'X66_2', 'X12_2', 'X66_5', '主要使用聯絡方式_3', 'X30_1', '性別.x']",0.6920881560171238
541,"['X9', 'X30_1', 'X30_6', '城市_19', '城市_12']",0.68447756461075
542,"['X5', '城市_8', 'X30_7']",0.70096717932456
543,"['城市_14', '籍貫_6']",0.6361185983827493
544,"['主要使用聯絡方式_9', '年齡區間.x', '教育階段.x', 'X28.1_3', '政治傾向_10', 'X4', '主要使用聯絡方式_2', '主要使用聯絡方式_3']",0.6908197241160615
545,"['X28.1_5', '城市_2', '主要使用聯絡方式_7', 'X36', '政治傾向_7', '政治傾向_9', '教育階段.x', '職業.x_6']",0.6855874425241796
546,"['X12_5', 'X53']",0.6895512922149992
547,"['X14', '職業.x_10', 'X5', '城市_15', 'X28.1_2', '年齡區間.x', 'X36']",0.6816235928333597
548,"['X53', 'X30_2']",0.6865387664499762
549,"['籍貫_1', 'X28.1_2', '籍貫_6', 'X12_5', 'X36', '政治傾向_9', '城市_4', 'X65_3']",0.6383383542096084
550,"['X54', '城市_7', '城市_12', '教育階段.x', 'X65_3', '政治傾向_9', 'X28.1_99', '職業.x_8', '政治傾向_4']",0.6811479308704614
551,"['職業.x_12', 'X65_2', 'X12_5', '城市_14', 'X36', '主要使用聯絡方式_9', '政治傾向_4']",0.6874900903757729
552,"['X28.1_3', '籍貫_1', '城市_8', 'X9', 'X64_5', '婚姻狀態', '政治傾向_9', 'X12_2', '職業.x_12', 'X53']",0.7039797050895832
553,"['城市_12', 'X30_6', 'X54', '城市_7', '城市_19', 'X30_1', 'X66_2', 'X66_5']",0.685904550499445
554,"['職業.x_6', 'X9', '婚姻狀態', 'X36', '政治傾向_9', '城市_17', 'X30_6']",0.6824163627715237
555,"['X9', 'X28.1_3', 'X66_5', 'X65_2', '主要使用聯絡方式_7', '籍貫_6']",0.6643412081813859
556,"['X53', 'X30_6', '主要使用聯絡方式_2']",0.6871729824005074
557,"['職業.x_6', '政治傾向_10', '政治傾向_3', 'X48', 'X30_1', '職業.x_12', 'X65_3', '城市_15']",0.6824163627715237
558,"['職業.x_5', 'X28.1_2', '政治傾向_3', 'X65_3', '政治傾向_4', 'X48', '婚姻狀態']",0.6816235928333597
559,"['城市_15', '職業.x_12', 'X30_1', '籍貫_6', '城市_13']",0.6824163627715237
560,"['X54', '城市_17']",0.6840019026478517
561,"['X64_5', '籍貫_1', '主要使用聯絡方式_8', '城市_7', '職業.x_12']",0.6870144284128746
562,"['主要使用聯絡方式_3', '主要使用聯絡方式_2', '城市_19', '政治傾向_9']",0.6863802124623435
563,"['X48', '籍貫_1', 'X30_1']",0.6348501664816871
564,"['X53', '籍貫_1', 'X4', '城市_17']",0.6736958934517203
565,"['城市_8', '政治傾向_10', 'X65_2', 'X12_5', '主要使用聯絡方式_9', '主要使用聯絡方式_3', 'X30_7', '年齡區間.x']",0.6982717615348026
566,"['城市_4', 'X30_2', 'X53', 'X30_1', 'X12_2']",0.6838433486602187
567,"['X64_5', 'X4']",0.6881243063263041
568,"['城市_17', '籍貫_1', 'X66_2', '籍貫_6', 'X64_5', 'X9', '婚姻狀態', 'X28.1_5']",0.6338988425558902
569,"['X9', '性別.x']",0.6901855081655304
570,"['X66_5', '性別.x']",0.694942127794514
571,"['職業.x_10', 'X48', 'X65_2', '城市_19', 'X66_2', '城市_14', '政治傾向_10', 'X14']",0.6820992547962581
572,"['城市_12', '職業.x_12', '城市_4', 'X30_5', '政治傾向_4', '年齡區間.x']",0.683684794672586
573,"['主要使用聯絡方式_7', '性別.x', '城市_4', '籍貫_6', '政治傾向_9', '籍貫_1', '職業.x_12', '城市_7', '政治傾向_7', 'X30_1']",0.6424607578880608
574,"['X65_7', '籍貫_1']",0.6348501664816871
575,"['X66_5', '政治傾向_3']",0.6917710480418583
576,"['X12_5', 'X28.1_3']",0.688917076264468
577,"['籍貫_1', '職業.x_10', 'X65_2', '城市_17', '職業.x_8', '職業.x_6', '城市_12']",0.6751228793404155
578,"['城市_19', '年齡區間.x', '城市_15', '主要使用聯絡方式_7', 'X30_6', 'X30_5', 'X4', '城市_4', '婚姻狀態']",0.6860631044870777
579,"['X5', '政治傾向_7', '教育階段.x', '年齡區間.x']",0.6862216584747106
580,"['城市_8', 'X30_1', 'X36', 'X54', '職業.x_6']",0.6979546535595371
581,"['城市_19', '城市_7']",0.6870144284128746
582,"['政治傾向_3', 'X53', '教育階段.x']",0.68447756461075
583,"['X30_5', '職業.x_12', 'X28.1_3', '城市_13', '城市_17', '年齡區間.x', 'X66_5', 'X66_2']",0.6825749167591565
584,"['X66_5', 'X65_7', 'X64_5', 'X30_6', '職業.x_6', 'X28.1_1', '婚姻狀態', '籍貫_6']",0.6885999682892024
585,"['X66_5', 'X30_5', 'X30_1', '職業.x_6', 'X54', 'X28.1_2', 'X28.1_3', 'X28.1_5']",0.6870144284128745
586,"['職業.x_10', 'X12_5', '城市_7', 'X28.1_2', 'X53', '城市_13', '城市_2', '教育階段.x', '職業.x_12', 'X30_6']",0.6795623909941335
587,"['X65_7', '主要使用聯絡方式_2', '政治傾向_4', 'X56', 'X30_5']",0.6857459965118123
588,"['職業.x_10', '主要使用聯絡方式_3', 'X54', 'X56', 'X30_7', 'X65_7', 'X65_3', '城市_4', 'X4', '城市_12']",0.6740130014269858
589,"['X5', '主要使用聯絡方式_2', '城市_12', 'X30_6']",0.6817821468209926
590,"['城市_14', 'X28.1_1', 'X65_2', 'X36']",0.6859045504994451
591,"['職業.x_8', '主要使用聯絡方式_2', '政治傾向_9']",0.6865387664499762
592,"['政治傾向_7', '主要使用聯絡方式_7', 'X66_2']",0.6870144284128746
593,"['X30_6', 'X53', 'X48', 'X64_5', 'X65_3', 'X28.1_3', '政治傾向_9']",0.6827334707467891
594,"['X28.1_2', '籍貫_1', '職業.x_8']",0.6348501664816871
595,"['職業.x_12', 'X66_2', 'X9', 'X30_1', 'X14', '職業.x_1', '城市_12', '城市_14', '職業.x_6', 'X53']",0.6841604566354844
596,"['城市_8', 'X66_5', '職業.x_5', '主要使用聯絡方式_7', '職業.x_1', 'X54', '城市_14', 'X36']",0.7019185032503569
597,"['政治傾向_9', 'X65_2', 'X30_1', 'X30_7', 'X65_7', '城市_4', '年齡區間.x', '性別.x']",0.6813064848580942
598,"['X65_2', '城市_2', '性別.x', 'X5', '籍貫_6', 'X28.1_2', 'X56']",0.6456318376407166
599,"['X28.1_3', '城市_15', 'X65_3', '政治傾向_7', 'X56']",0.6870144284128746
600,"['X66_2', '籍貫_1', 'X4', 'X28.1_99']",0.6429364198509593
601,"['X30_1', '城市_15', 'X30_5', '主要使用聯絡方式_3', '城市_12', 'X64_5', '政治傾向_9', 'X36', 'X28.1_3']",0.6841604566354843
602,"['X48', 'X28.1_2', 'X28.1_1', '主要使用聯絡方式_7', '政治傾向_7', '政治傾向_3', '職業.x_10', 'X30_1', 'X28.1_99', '職業.x_8']",0.6763913112414778
603,"['城市_8', 'X30_7', 'X30_6', '政治傾向_3']",0.6995401934358648
604,"['主要使用聯絡方式_2', '職業.x_8', '城市_15', 'X53', '政治傾向_9', 'X36', 'X4']",0.6843190106231172
605,"['X14', '職業.x_8', '主要使用聯絡方式_8', '主要使用聯絡方式_7', '城市_12', '職業.x_6', '政治傾向_4', 'X12_5', '職業.x_10']",0.6844775646107498
606,"['教育階段.x', '城市_7', 'X65_3', 'X53', '城市_4', 'X36', 'X48', '婚姻狀態', 'X12_5', '職業.x_1']",0.6833676866973205
607,"['政治傾向_3', 'X30_7', 'X9', '城市_4', 'X30_5', '城市_15']",0.6857459965118123
608,"['X14', '主要使用聯絡方式_3', 'X48']",0.6832091327096876
609,"['X28.1_5', 'X28.1_99', '城市_7', 'X56', 'X12_5', '年齡區間.x', '職業.x_5', 'X12_2', '籍貫_6', 'X30_1']",0.6698905977485332
610,"['職業.x_1', '職業.x_12', '城市_15', 'X54']",0.6885999682892024
611,"['X28.1_1', 'X56']",0.6870144284128746
612,"['X30_2', 'X53', '城市_12', '性別.x', '政治傾向_7', '主要使用聯絡方式_2', '主要使用聯絡方式_8', '職業.x_5']",0.6819407008086253
613,"['性別.x', 'X5', '主要使用聯絡方式_3']",0.6876486443634057
614,"['籍貫_6', '主要使用聯絡方式_7', '政治傾向_7', 'X64_5', 'X30_1', '政治傾向_9', '職業.x_6']",0.6497542413191691
615,"['X66_5', '籍貫_1', 'X36', 'X65_7', '城市_4']",0.6890756302521008
616,"['X28.1_1', '性別.x', 'X66_2', '教育階段.x', '職業.x_1', '城市_2']",0.6893927382273664
617,"['X66_2', '主要使用聯絡方式_2', '政治傾向_7']",0.6870144284128746
618,"['職業.x_12', '政治傾向_10', 'X4', 'X65_2', 'X65_3']",0.6882828603139368
619,"['主要使用聯絡方式_7', '城市_8', '城市_2', 'X5']",0.7006500713492944
620,"['X4', '城市_13', '年齡區間.x', '職業.x_8']",0.6849532265736482
621,"['籍貫_6', 'X30_2', '職業.x_1', 'X9', '職業.x_5', 'X5', 'X48', '主要使用聯絡方式_9', '主要使用聯絡方式_7']",0.6591089265895037
622,"['籍貫_1', 'X65_7', 'X64_5', 'X66_5', '政治傾向_4', '年齡區間.x', '城市_7']",0.6876486443634057
623,"['X65_7', 'X30_1', '城市_8', '政治傾向_4', 'X5', '城市_17']",0.6990645314729667
624,"['X30_7', '城市_13', '婚姻狀態', 'X66_5', 'X5', '性別.x', '年齡區間.x', '職業.x_12', '城市_4', '職業.x_5']",0.6820992547962581
625,"['X28.1_5', 'X30_2', '婚姻狀態', '主要使用聯絡方式_3', 'X12_2', '職業.x_6', 'X36', 'X56', '城市_12']",0.6813064848580942
626,"['城市_17', '政治傾向_9', '政治傾向_7', '城市_4', '職業.x_6', '籍貫_6']",0.6500713492944348
627,"['X48', '主要使用聯絡方式_7', 'X56', '城市_8', '性別.x', 'X28.1_99', '年齡區間.x', '婚姻狀態', '城市_14']",0.7017599492627241
628,"['職業.x_8', '籍貫_1', 'X9', 'X64_5', 'X66_5', 'X65_7', 'X28.1_5', '政治傾向_9']",0.6873315363881402
629,"['城市_4', '政治傾向_10', 'X28.1_3', '職業.x_10', 'X4', 'X65_7']",0.6852703345489138
630,"['X30_6', 'X53', '主要使用聯絡方式_8', '城市_2', '性別.x', '城市_15', '主要使用聯絡方式_2', '城市_12']",0.6865387664499762
631,"['年齡區間.x', 'X5', '城市_4', 'X12_5', 'X28.1_1', 'X28.1_3', 'X28.1_5']",0.685904550499445
632,"['年齡區間.x', '職業.x_10', 'X4', '城市_7', 'X65_7', 'X28.1_1', '職業.x_1', '政治傾向_7']",0.687490090375773
633,"['教育階段.x', '城市_2', 'X14', '政治傾向_9', '城市_12', '職業.x_8', 'X30_6', '政治傾向_4', '籍貫_6']",0.6459489456159823
634,"['X30_5', '城市_15', '城市_2', 'X36']",0.6870144284128746
635,"['城市_19', '性別.x']",0.6895512922149992
636,"['X14', '城市_4', '婚姻狀態', 'X30_6', 'X65_3', '主要使用聯絡方式_9', 'X65_7']",0.6846361185983828
637,"['X14', 'X54', '城市_7', '職業.x_10', 'X5', '城市_13', '職業.x_8', '年齡區間.x', '性別.x', 'X28.1_3']",0.6795623909941335
638,"['X30_5', 'X9', 'X4', '職業.x_5', '主要使用聯絡方式_2', 'X65_2']",0.6855874425241796
639,"['X54', '城市_15']",0.6870144284128746
640,"['X28.1_5', '職業.x_1', '城市_15', '主要使用聯絡方式_9', '政治傾向_7', '主要使用聯絡方式_7', 'X36', '城市_14', 'X30_6', '職業.x_5']",0.6809893768828286
641,"['X28.1_5', 'X28.1_99', '城市_14', '城市_19', 'X65_2', '主要使用聯絡方式_3', '主要使用聯絡方式_8']",0.6865387664499761
642,"['城市_4', '職業.x_10', '主要使用聯絡方式_2', 'X48', '職業.x_6', 'X14', 'X65_3', 'X28.1_99', '城市_15']",0.6840019026478517
643,"['職業.x_1', '職業.x_8', '城市_19', 'X5', '主要使用聯絡方式_3', '城市_13', 'X64_5', 'X48']",0.6763913112414777
644,"['城市_8', 'X36']",0.70096717932456
645,"['職業.x_10', 'X48', 'X66_2', '主要使用聯絡方式_9', 'X65_3', '政治傾向_9', '教育階段.x', 'X66_5']",0.6836847946725859
646,"['X64_5', '政治傾向_7']",0.6878071983510384
647,"['城市_8', '籍貫_6', 'X28.1_5', '城市_15', '職業.x_5']",0.6909782781036944
648,"['主要使用聯絡方式_2', '職業.x_5', 'X64_5', 'X14', 'X30_7', '政治傾向_10', 'X54', '婚姻狀態', '城市_17', '政治傾向_3']",0.6828920247344221
649,"['X28.1_99', '城市_8', 'X30_2', '政治傾向_3']",0.7003329633740288
650,"['城市_13', 'X54', 'X30_5', '職業.x_12', 'X12_5', '城市_17', '城市_14', '城市_15', 'X66_2', '年齡區間.x']",0.6808308228951958
651,"['城市_14', 'X66_2', 'X36', 'X56', '籍貫_6', '城市_8', 'X65_3', '政治傾向_7', 'X12_2']",0.6556207388615825
652,"['職業.x_8', '城市_2', '職業.x_6', 'X28.1_3']",0.6870144284128746
653,"['政治傾向_3', '籍貫_1', 'X4', '城市_7', 'X30_2', '職業.x_1', '城市_15']",0.6380212462343428
654,"['X30_1', 'X28.1_2', 'X5', 'X30_6', 'X30_7', '政治傾向_7', 'X65_7']",0.6811479308704614
655,"['X12_2', 'X66_2', '職業.x_6', 'X65_3']",0.6870144284128746
656,"['X12_5', '政治傾向_3', '年齡區間.x', '職業.x_12', '職業.x_8', '城市_12', 'X56', 'X12_2', '城市_17', '政治傾向_10']",0.6885999682892024
657,"['X28.1_3', '籍貫_6', 'X56', 'X65_7', 'X30_6']",0.6380212462343428
658,"['X30_6', 'X36', '職業.x_10', '城市_17']",0.682257808783891
659,"['城市_17', 'X66_2']",0.6840019026478517
660,"['X30_5', '職業.x_6', 'X48', '政治傾向_10', 'X12_2', '主要使用聯絡方式_2', '政治傾向_7', '城市_12', 'X12_5']",0.681465038845727
661,"['城市_15', '城市_19']",0.6870144284128746
662,"['籍貫_1', '主要使用聯絡方式_8', 'X28.1_99', 'X48', '城市_19', 'X30_1', '城市_7', '政治傾向_4', '職業.x_6']",0.6480101474552085
663,"['主要使用聯絡方式_2', 'X14', '籍貫_1', '職業.x_10', '政治傾向_10', 'X12_2', 'X28.1_2', 'X5', 'X28.1_99', '城市_17']",0.6835262406849533
664,"['年齡區間.x', '職業.x_10']",0.6843190106231172
665,"['婚姻狀態', 'X48', '政治傾向_10', 'X65_3', 'X54', '主要使用聯絡方式_9', 'X14', 'X66_2', '主要使用聯絡方式_8']",0.6840019026478515
666,"['X30_7', 'X12_5', '城市_13', 'X9', '城市_7', 'X54', 'X30_2', '政治傾向_3', '主要使用聯絡方式_2']",0.6781354051054383
667,"['籍貫_1', '性別.x', 'X28.1_3']",0.6407166640241001
668,"['城市_13', '籍貫_1', 'X48']",0.6827334707467893
669,"['X28.1_3', 'X12_5']",0.688917076264468
670,"['籍貫_1', '城市_4', '年齡區間.x']",0.6467417155541462
671,"['籍貫_6', '政治傾向_10', '政治傾向_3', '城市_13', '城市_8', '政治傾向_4']",0.6966862216584747
672,"['職業.x_5', 'X30_2', '城市_19', 'X28.1_1', '年齡區間.x', '籍貫_1', '政治傾向_7', '城市_15', 'X64_5']",0.6779768511178056
673,"['X28.1_2', '主要使用聯絡方式_2']",0.6870144284128746
674,"['X64_5', 'X5', '性別.x', 'X65_7']",0.6860631044870779
675,"['城市_14', '城市_19', 'X30_2', '主要使用聯絡方式_3']",0.6863802124623435
676,"['籍貫_1', 'X4', '職業.x_8', 'X9', '主要使用聯絡方式_9', '城市_17', '城市_2', 'X64_5']",0.6852703345489138
677,"['X54', 'X30_7', 'X4', '政治傾向_3', 'X9', '城市_4']",0.6866973204376089
678,"['X9', '教育階段.x', 'X4', '城市_14']",0.685904550499445
679,"['主要使用聯絡方式_3', '城市_14']",0.6870144284128746
680,"['主要使用聯絡方式_7', '政治傾向_7', '城市_12', '主要使用聯絡方式_3']",0.68447756461075
681,"['X65_2', '城市_17', '主要使用聯絡方式_9', '婚姻狀態', '城市_12', 'X14']",0.6778182971301728
682,"['職業.x_6', 'X48', '教育階段.x', 'X4', '政治傾向_4', '主要使用聯絡方式_8', '城市_12', 'X54']",0.6846361185983828
683,"['籍貫_1', 'X30_5', 'X56', '主要使用聯絡方式_3', 'X30_6', '城市_8', 'X36']",0.6710004756619629
684,"['城市_19', '政治傾向_10', 'X28.1_5', 'X30_6', '性別.x', '職業.x_8', '主要使用聯絡方式_2', 'X28.1_1', '城市_14']",0.6849532265736483
685,"['籍貫_6', 'X36', '職業.x_8', 'X30_1', 'X66_5', '職業.x_1']",0.6813064848580942
686,"['政治傾向_3', '主要使用聯絡方式_8', '主要使用聯絡方式_3']",0.6857459965118123
687,"['X28.1_5', '職業.x_1', '職業.x_12', '城市_17']",0.6811479308704614
688,"['X53', '婚姻狀態', 'X9', '城市_14', '籍貫_6', 'X66_2']",0.6408752180117331
689,"['城市_13', '主要使用聯絡方式_2', '職業.x_5', '政治傾向_10', 'X30_2', '城市_2']",0.6797209449817663
690,"['X30_5', 'X54', 'X65_7', 'X28.1_99', 'X28.1_1', '政治傾向_7', 'X5', '職業.x_10']",0.6808308228951958
691,"['X65_7', 'X14', 'X66_2', '主要使用聯絡方式_7']",0.6863802124623435
692,"['X65_7', '城市_13', '城市_14', '籍貫_6', 'X65_3', '政治傾向_4']",0.6316790867290312
693,"['政治傾向_3', '職業.x_8', '職業.x_12', '城市_17', '城市_13', 'X28.1_5', '教育階段.x', 'X66_2']",0.6817821468209926
694,"['城市_14', '主要使用聯絡方式_9', 'X66_2', '政治傾向_10', '城市_2', 'X56', 'X5', 'X4', 'X9']",0.6947835738068813
695,"['職業.x_8', 'X30_7', 'X30_5', 'X65_3', 'X28.1_99']",0.682257808783891
696,"['政治傾向_4', 'X28.1_99', 'X66_2', '職業.x_1']",0.6870144284128746
697,"['城市_2', 'X28.1_2', '年齡區間.x', '城市_7', 'X65_2', '城市_19', 'X9']",0.6860631044870779
698,"['X9', 'X64_5', 'X30_6', '政治傾向_7', 'X28.1_5', 'X56', '城市_13', '籍貫_1', 'X12_2', 'X28.1_99']",0.6820992547962581
699,"['職業.x_12', '政治傾向_3', 'X56', 'X4', '職業.x_10', '職業.x_8', 'X28.1_5', '婚姻狀態', 'X30_7', '職業.x_6']",0.6800380529570319
700,"['X30_5', '主要使用聯絡方式_3', 'X9', 'X4', '職業.x_5', 'X28.1_99', '城市_4', '政治傾向_7', '城市_19', '城市_2']",0.6854288885365467
701,"['性別.x', '籍貫_6', 'X28.1_99', '城市_15', '年齡區間.x', 'X9', '城市_2']",0.6526082130965595
702,"['X28.1_5', '城市_19', '城市_14', '職業.x_5', '婚姻狀態', '性別.x', '政治傾向_9']",0.6844775646107498
703,"['X30_2', 'X48']",0.6854288885365467
704,"['政治傾向_7', '主要使用聯絡方式_8']",0.6857459965118123
705,"['城市_2', 'X66_5', '主要使用聯絡方式_8', 'X30_5', '城市_13', '職業.x_8', '城市_4', 'X66_2']",0.6925638179800222
706,"['職業.x_8', 'X53', '主要使用聯絡方式_2', 'X48', '教育階段.x']",0.67765974314254
707,"['X30_2', '主要使用聯絡方式_9', '城市_17', 'X4', 'X65_7', 'X64_5']",0.6854288885365466
708,"['政治傾向_3', '政治傾向_7', '教育階段.x', 'X28.1_3', '職業.x_1', '政治傾向_10', 'X28.1_5', 'X30_6', '城市_8']",0.7023941652132552
709,"['X36', 'X28.1_5', '城市_8', '主要使用聯絡方式_9']",0.6954177897574124
710,"['X66_2', 'X64_5', '主要使用聯絡方式_7', 'X65_7', '職業.x_12', 'X28.1_5', '主要使用聯絡方式_9', 'X66_5']",0.685904550499445
711,"['城市_15', 'X28.1_3', '職業.x_1', '城市_7']",0.6863802124623435
712,"['籍貫_6', 'X4']",0.6356429364198509
713,"['X28.1_3', '城市_14', '城市_19']",0.6870144284128746
714,"['X30_6', 'X65_3', 'X66_5', '政治傾向_4', 'X48', 'X65_2', 'X30_7', '城市_14']",0.6881243063263041
715,"['年齡區間.x', 'X65_2', '政治傾向_7', 'X28.1_99', 'X66_5', 'X65_7', '城市_14', 'X30_6']",0.6881243063263041
716,"['政治傾向_9', '職業.x_6', 'X53', '城市_19', '職業.x_10']",0.6816235928333596
717,"['婚姻狀態', 'X28.1_3', '主要使用聯絡方式_8', 'X30_5', '城市_12', 'X28.1_2', 'X54', '城市_7']",0.6863802124623434
718,"['主要使用聯絡方式_7', '職業.x_6', '城市_19', '城市_12', 'X12_5', '政治傾向_9', 'X9', '城市_8', 'X30_2']",0.6973204376090057
719,"['職業.x_8', '籍貫_6', '城市_7', '城市_2', '城市_12', 'X54', '主要使用聯絡方式_8']",0.6469002695417789
720,"['X30_2', 'X56', 'X28.1_5', '主要使用聯絡方式_8']",0.6865387664499761
721,"['主要使用聯絡方式_2', 'X56', '主要使用聯絡方式_7', 'X66_2', 'X30_5']",0.6868558744252419
722,"['主要使用聯絡方式_9', '籍貫_1', '城市_15', '主要使用聯絡方式_8', '籍貫_6', 'X28.1_1']",0.6388140161725068
723,"['X30_5', '教育階段.x', '主要使用聯絡方式_3']",0.6870144284128745
724,"['教育階段.x', 'X64_5']",0.6874900903757729
725,"['年齡區間.x', 'X30_6', '城市_17', '教育階段.x', 'X36', '城市_13', '政治傾向_10', 'X53']",0.6724274615506579
726,"['政治傾向_7', 'X28.1_99', 'X14', 'X28.1_2', 'X36', 'X30_2', '政治傾向_9', 'X30_5', '城市_2']",0.6808308228951958
727,"['性別.x', 'X30_5', 'X9', '婚姻狀態', '職業.x_10', 'X28.1_3', 'X48', '職業.x_1']",0.6800380529570319
728,"['主要使用聯絡方式_2', '婚姻狀態']",0.6870144284128746
729,"['年齡區間.x', '城市_17', 'X9', 'X4', '教育階段.x', 'X5', '政治傾向_9', '職業.x_12']",0.691136832091327
730,"['教育階段.x', '城市_14', 'X65_2', 'X4', 'X30_7', 'X12_2', '職業.x_12', '性別.x', '城市_15']",0.6849532265736483
731,"['X12_2', '職業.x_12', '主要使用聯絡方式_7', '城市_17', 'X30_7', '政治傾向_9', '年齡區間.x']",0.6813064848580942
732,"['X30_7', 'X28.1_2', '政治傾向_3']",0.6841604566354844
733,"['X5', 'X54', 'X30_5', 'X65_7', 'X30_7', '政治傾向_10', 'X28.1_1']",0.6862216584747106
734,"['政治傾向_4', '職業.x_6']",0.6870144284128746
735,"['X65_2', '城市_14']",0.6870144284128746
736,"['城市_13', '性別.x', '籍貫_1', 'X14', 'X4']",0.6782939590930711
737,"['X9', '城市_14', 'X53', '職業.x_10', '年齡區間.x', 'X65_3', '城市_15']",0.676866973204376
738,"['X56', '職業.x_12', '性別.x', '籍貫_6', '政治傾向_10']",0.6946250198192485
739,"['主要使用聯絡方式_2', 'X36', 'X12_2', '籍貫_6', '政治傾向_3', '職業.x_12']",0.6488029173933725
740,"['X30_6', '主要使用聯絡方式_7', '教育階段.x', '城市_4', '職業.x_1', 'X4', 'X30_5', 'X12_5', 'X5']",0.6885999682892024
741,"['婚姻狀態', '主要使用聯絡方式_9', 'X30_2', 'X28.1_99', 'X65_7', '城市_14', '城市_12']",0.682892024734422
742,"['城市_2', 'X48', 'X12_2', '城市_17', '籍貫_6', 'X28.1_1', '城市_13', 'X30_7']",0.6820992547962581
743,"['城市_8', '主要使用聯絡方式_2', '職業.x_8']",0.7041382590772158
744,"['主要使用聯絡方式_3', 'X66_2', 'X53', 'X65_2', '職業.x_5']",0.685270334548914
745,"['X30_6', 'X66_2', 'X30_5', 'X4', 'X65_2', 'X9', '主要使用聯絡方式_3']",0.6879657523386714
746,"['政治傾向_3', 'X28.1_2']",0.6849532265736483
747,"['城市_12', '城市_17', 'X65_3', 'X14', '婚姻狀態', '職業.x_6']",0.6808308228951958
748,"['城市_8', '主要使用聯絡方式_3', 'X14', '城市_7', '籍貫_1', '主要使用聯絡方式_2']",0.6630727762803234
749,"['城市_12', 'X28.1_5', '主要使用聯絡方式_9', '職業.x_1', 'X56', 'X28.1_3', '主要使用聯絡方式_2']",0.679879498969399
750,"['X30_5', '城市_19', '職業.x_12', 'X30_2', '政治傾向_7', '政治傾向_4', '城市_17', 'X53', 'X12_5']",0.685270334548914
751,"['城市_8', '城市_7', '職業.x_8', '職業.x_1']",0.7041382590772158
752,"['X66_2', 'X28.1_3', 'X30_6']",0.6870144284128746
753,"['城市_12', 'X56', 'X30_7', 'X28.1_99', 'X30_2', 'X65_7', 'X5', '主要使用聯絡方式_8', '職業.x_6']",0.6817821468209926
754,"['X28.1_1', 'X28.1_99', '職業.x_8', '城市_4']",0.6873315363881402
755,"['籍貫_6', '政治傾向_3', '政治傾向_10', 'X36', '性別.x', '職業.x_8', 'X30_2']",0.6835262406849533
756,"['籍貫_6', '政治傾向_4', '職業.x_5', 'X4']",0.6375455842714445
757,"['X12_5', 'X65_7', 'X5', '政治傾向_10', 'X48']",0.6862216584747106
758,"['城市_17', '性別.x', 'X12_5', '婚姻狀態', 'X30_7', '城市_7', '城市_2']",0.681465038845727
759,"['城市_19', 'X54', '主要使用聯絡方式_8', 'X28.1_1', '主要使用聯絡方式_9', 'X65_2', 'X53']",0.685904550499445
760,"['X5', '政治傾向_7', 'X64_5', 'X65_7', '城市_19', 'X56', '城市_2']",0.6866973204376089
761,"['年齡區間.x', '職業.x_1', 'X54', '主要使用聯絡方式_7', '職業.x_6', 'X30_7', '城市_7', '籍貫_6']",0.6375455842714445
762,"['X12_5', '職業.x_6', '城市_7', 'X9', 'X66_2', '城市_15', '職業.x_12', 'X12_2', '主要使用聯絡方式_3', 'X56']",0.6920881560171238
763,"['城市_4', 'X30_7', 'X5', 'X12_5', 'X65_2', 'X9', 'X48', '城市_15', 'X30_2', '職業.x_8']",0.685270334548914
764,"['城市_7', '政治傾向_10', '主要使用聯絡方式_8']",0.6871729824005074
765,"['X65_7', 'X65_2', '城市_12']",0.6838433486602188
766,"['X56', '主要使用聯絡方式_2', '政治傾向_7', 'X36', '職業.x_6']",0.687490090375773
767,"['性別.x', '城市_2']",0.6901855081655304
768,"['城市_13', 'X65_7', 'X64_5', '主要使用聯絡方式_2', '城市_8', '職業.x_5']",0.6917710480418583
769,"['X12_2', 'X14', '職業.x_8', '籍貫_1', 'X28.1_1']",0.6365942603456477
770,"['性別.x', 'X64_5', '職業.x_5', 'X14']",0.691136832091327
771,"['X53', 'X9', '職業.x_8', '籍貫_6', '主要使用聯絡方式_7', '主要使用聯絡方式_2', '城市_14', '主要使用聯絡方式_3', '主要使用聯絡方式_8', '職業.x_12']",0.6400824480735691
772,"['X30_1', 'X28.1_1']",0.6870144284128746
773,"['X56', '主要使用聯絡方式_8', '城市_8', 'X28.1_5', '婚姻狀態', '年齡區間.x', '性別.x', '城市_19', '主要使用聯絡方式_9']",0.7065165688917078
774,"['X53', 'X64_5', '政治傾向_10', '主要使用聯絡方式_9', 'X9', 'X30_2', '城市_4', '政治傾向_4']",0.6835262406849533
775,"['職業.x_10', 'X30_1', '政治傾向_9', '城市_19', '城市_4', 'X5', '主要使用聯絡方式_3', '主要使用聯絡方式_8', '教育階段.x']",0.6827334707467893
776,"['X30_7', '教育階段.x', '職業.x_12', 'X66_5', '主要使用聯絡方式_2', '政治傾向_7', 'X9', '主要使用聯絡方式_9', 'X65_7']",0.6860631044870777
777,"['籍貫_6', 'X54', '城市_14', '籍貫_1', 'X65_3', '主要使用聯絡方式_2', 'X66_5', 'X56', 'X28.1_3']",0.6410337719993658
778,"['主要使用聯絡方式_8', 'X54', '主要使用聯絡方式_3', '政治傾向_3']",0.6866973204376089
779,"['X30_2', '籍貫_1']",0.6348501664816871
780,"['職業.x_12', '城市_4', '教育階段.x', 'X53', '城市_2', '職業.x_6', 'X54']",0.682892024734422
781,"['X30_7', '政治傾向_7', 'X66_5']",0.689709846202632
782,"['X66_2', '城市_13', '主要使用聯絡方式_3', '城市_15', '職業.x_1', 'X30_5', 'X65_7', '主要使用聯絡方式_9', '職業.x_5']",0.6775011891549072
783,"['政治傾向_10', 'X64_5', 'X36', 'X9']",0.6882828603139368
784,"['城市_4', '職業.x_6', 'X66_5', 'X30_1', 'X65_2', 'X28.1_1', 'X36']",0.6906611701284288
785,"['X4', 'X12_5', '政治傾向_9', '政治傾向_10', 'X28.1_1', '政治傾向_3', '籍貫_1', '主要使用聯絡方式_3']",0.6914539400665927
786,"['X36', 'X12_2', '主要使用聯絡方式_9', 'X65_2', '主要使用聯絡方式_8', '籍貫_6', '職業.x_6', '職業.x_5', 'X28.1_3']",0.6706833676866973
787,"['城市_7', '主要使用聯絡方式_8', 'X64_5', 'X53', 'X4']",0.6901855081655304
788,"['政治傾向_10', 'X65_3', 'X4', 'X36']",0.6898684001902647
789,"['X30_2', '政治傾向_4', 'X54', '政治傾向_7', 'X65_2', 'X28.1_3']",0.6854288885365467
790,"['X30_6', '城市_15', '城市_8', 'X9', 'X28.1_99', '職業.x_12', 'X30_7', 'X66_2']",0.7000158553987632
791,"['X30_2', '城市_17', 'X28.1_5', '主要使用聯絡方式_9', 'X36', 'X64_5', '主要使用聯絡方式_2']",0.6805137149199302
792,"['X28.1_3', 'X66_5', 'X14', '城市_13']",0.6854288885365467
793,"['政治傾向_9', '政治傾向_7']",0.6870144284128746
794,"['X30_1', '籍貫_1', 'X28.1_3', 'X66_5', '政治傾向_9', '職業.x_6', 'X30_6']",0.6516568891707626
795,"['X66_5', 'X53', '主要使用聯絡方式_8', '職業.x_5', '職業.x_6', '主要使用聯絡方式_2', '主要使用聯絡方式_9', 'X30_6', '性別.x', '城市_2']",0.6906611701284288
796,"['城市_7', '政治傾向_10', '政治傾向_3', '政治傾向_4', '城市_12', 'X56', 'X9']",0.6820992547962581
797,"['主要使用聯絡方式_2', 'X12_2', '政治傾向_10', '城市_8', '職業.x_1', '職業.x_8']",0.7054066909782781
798,"['X56', '主要使用聯絡方式_8', '職業.x_10', 'X12_5', 'X28.1_2']",0.6873315363881402
799,"['X12_2', '職業.x_10', '政治傾向_3']",0.6820992547962581
800,"['X65_3', '政治傾向_10', '主要使用聯絡方式_2', 'X14', 'X9', 'X30_7', '政治傾向_9']",0.6825749167591565
801,"['主要使用聯絡方式_8', '城市_7', 'X30_1', '政治傾向_10', '教育階段.x', '城市_4']",0.6879657523386713
802,"['籍貫_1', '職業.x_8']",0.6348501664816871
803,"['X54', '政治傾向_3', '城市_17', '職業.x_6', '教育階段.x']",0.6809893768828286
804,"['X54', '政治傾向_4', '職業.x_8', 'X66_5', '職業.x_12', '主要使用聯絡方式_3', 'X64_5']",0.6893927382273664
805,"['X30_2', '主要使用聯絡方式_8']",0.6871729824005074
806,"['X30_1', 'X65_7', '職業.x_6', 'X30_2', 'X54', '城市_14', 'X28.1_3', 'X4', '城市_13']",0.6800380529570319
807,"['X30_6', 'X30_2', '城市_14', 'X12_5', 'X28.1_1', '城市_17', '城市_12', '職業.x_6', '政治傾向_4', '主要使用聯絡方式_3']",0.6803551609322974
808,"['職業.x_5', 'X12_5', '職業.x_10', 'X30_2']",0.6876486443634057
809,"['X30_1', 'X56', '城市_12']",0.6838433486602188
810,"['籍貫_6', 'X56', 'X12_5', '城市_15', '政治傾向_9', 'X53']",0.6782939590930711
811,"['X30_6', '政治傾向_4', '職業.x_1', '主要使用聯絡方式_3', '職業.x_8']",0.6866973204376091
812,"['X28.1_5', '主要使用聯絡方式_3', '職業.x_6', 'X30_6', '城市_2', '職業.x_10', 'X30_5', 'X65_3', 'X28.1_99', 'X66_5']",0.6843190106231171
813,"['婚姻狀態', 'X4', 'X12_5', 'X54', '城市_12']",0.6840019026478515
814,"['城市_17', '主要使用聯絡方式_7']",0.6859045504994451
815,"['X28.1_99', 'X53', '城市_2', '職業.x_6', '政治傾向_3', 'X14', '職業.x_1', '主要使用聯絡方式_2', 'X64_5']",0.6811479308704612
816,"['政治傾向_9', '主要使用聯絡方式_9', 'X66_2', 'X28.1_5', 'X28.1_1']",0.6830505787220549
817,"['政治傾向_7', '主要使用聯絡方式_7', '城市_2', '職業.x_8', 'X5']",0.6854288885365466
818,"['X28.1_1', '主要使用聯絡方式_8', 'X9', 'X30_2', 'X65_3', '城市_15', '職業.x_6', '城市_19']",0.6871729824005074
819,"['主要使用聯絡方式_7', 'X66_2', 'X12_5', '政治傾向_7', 'X5', '城市_13', 'X65_7', '職業.x_8', '主要使用聯絡方式_8']",0.6857459965118122
820,"['X30_2', '政治傾向_3', '職業.x_1', 'X9', 'X53', '主要使用聯絡方式_8', '城市_8', '主要使用聯絡方式_7', 'X56']",0.7041382590772158
821,"['性別.x', 'X4', 'X28.1_99', '城市_13', 'X36', '職業.x_8']",0.6862216584747106
822,"['城市_7', '籍貫_1', 'X14', 'X28.1_5']",0.6329475186300936
823,"['城市_8', '主要使用聯絡方式_7']",0.7025527192008879
824,"['X28.1_5', '城市_12', 'X14', '職業.x_6', '年齡區間.x', '城市_7', '城市_19', 'X12_5', 'X56']",0.6803551609322974
825,"['X12_5', 'X56', '城市_15', 'X65_7', '政治傾向_10', 'X9']",0.6887585222768352
826,"['X12_5', 'X30_1']",0.688917076264468
827,"['政治傾向_7', '職業.x_12', '性別.x', '主要使用聯絡方式_2', '城市_4', 'X28.1_1', '政治傾向_9', 'X12_2']",0.6881243063263041
828,"['籍貫_6', '教育階段.x', '城市_7', '主要使用聯絡方式_3', 'X65_3', '職業.x_12', 'X30_7', 'X28.1_99', 'X66_5', 'X14']",0.676074203266212
829,"['職業.x_5', 'X5', 'X66_5', '城市_14', 'X30_1', '教育階段.x', '籍貫_6', '籍貫_1', 'X12_2', '職業.x_1']",0.6399238940859363
830,"['X30_5', 'X12_2', 'X65_7', '城市_2', 'X14', 'X9', 'X65_2']",0.6863802124623434
831,"['X14', '城市_12']",0.68447756461075
832,"['X4', '籍貫_1', '城市_19', '城市_15']",0.6396067861106707
833,"['X48', 'X30_7', 'X36', '職業.x_6', '職業.x_8', '城市_13', 'X54', '主要使用聯絡方式_2', 'X5']",0.6725860155382908
834,"['X66_2', 'X12_5', 'X12_2', 'X14', '政治傾向_3', '主要使用聯絡方式_8', 'X64_5', '城市_2']",0.6898684001902647
835,"['X65_7', '職業.x_8', 'X30_1', '職業.x_5', 'X12_5', 'X28.1_1']",0.6878071983510384
836,"['X30_6', 'X14', '職業.x_12', 'X36', '政治傾向_9', '政治傾向_4', 'X65_7', '政治傾向_10', 'X28.1_5', 'X65_2']",0.685270334548914
837,"['籍貫_1', 'X4', 'X36', '城市_8']",0.7008086253369273
838,"['X65_7', 'X30_6', 'X64_5', '職業.x_10', '籍貫_6', '城市_19', 'X28.1_1']",0.6841604566354843
839,"['X64_5', 'X65_7', '城市_17', '職業.x_10', '城市_14']",0.6830505787220549
840,"['主要使用聯絡方式_7', '職業.x_1', 'X30_5', '政治傾向_10', 'X53']",0.6868558744252419
841,"['政治傾向_4', 'X14', '城市_8', '城市_14', '政治傾向_9', 'X28.1_2', '城市_19', 'X66_2', 'X28.1_5']",0.6990645314729667
842,"['性別.x', '職業.x_6', 'X48', '政治傾向_10', 'X30_2', '主要使用聯絡方式_7']",0.6865387664499761
843,"['籍貫_1', 'X28.1_1', '籍貫_6', '職業.x_10', '主要使用聯絡方式_8']",0.6356429364198509
844,"['X66_2', '城市_7', '城市_4', '職業.x_5']",0.6841604566354844
845,"['X28.1_1', '職業.x_8', '城市_19']",0.6870144284128746
846,"['X28.1_5', '城市_2', '城市_12', 'X28.1_3', '婚姻狀態']",0.6820992547962581
847,"['主要使用聯絡方式_7', '籍貫_1', '教育階段.x', '職業.x_5', '政治傾向_7', 'X65_3', '主要使用聯絡方式_3', 'X53']",0.6467417155541462
848,"['X5', 'X4', 'X12_5', 'X30_1', 'X65_7', '年齡區間.x', 'X54', '主要使用聯絡方式_8']",0.6882828603139368
849,"['職業.x_1', 'X36', '城市_7', 'X66_2', '城市_2', 'X30_5', 'X53', '城市_4', '主要使用聯絡方式_3']",0.6689392738227367
850,"['X12_2', '城市_17', 'X9', '城市_15', '主要使用聯絡方式_8', 'X65_2', '職業.x_10', 'X5', '政治傾向_9']",0.6844775646107498
851,"['X65_2', 'X14', '城市_13']",0.6824163627715237
852,"['X12_5', 'X53', '主要使用聯絡方式_9', 'X30_6', 'X36', 'X65_3', '政治傾向_10']",0.6847946725860156
853,"['X54', 'X65_7', 'X64_5', '城市_4', '職業.x_6', 'X53', '政治傾向_10', 'X30_6']",0.6816235928333597
854,"['城市_12', 'X48', '婚姻狀態', '主要使用聯絡方式_2', '籍貫_1']",0.6437291897891232
855,"['城市_19', '政治傾向_7']",0.6870144284128746
856,"['主要使用聯絡方式_8', '城市_8', 'X28.1_5', '年齡區間.x', '籍貫_6', '政治傾向_7', '城市_15', '主要使用聯絡方式_9', 'X66_2', '城市_17']",0.6974789915966387
857,"['X30_2', '城市_19', 'X65_3', '主要使用聯絡方式_3']",0.6863802124623435
858,"['X30_5', '城市_12', '城市_17', 'X66_5', 'X65_7', 'X4', '城市_2', '城市_4', 'X30_6']",0.6846361185983828
859,"['籍貫_1', '教育階段.x', '城市_13', 'X28.1_1', '政治傾向_4', '職業.x_12', '主要使用聯絡方式_8', 'X56']",0.6879657523386713
860,"['城市_7', 'X28.1_5', '城市_15', '城市_2', '城市_13', '城市_19', '籍貫_6', '教育階段.x']",0.679879498969399
861,"['城市_4', 'X14', 'X66_2', '城市_13', '教育階段.x', 'X28.1_3', 'X36', 'X12_2', '職業.x_10']",0.6781354051054383
862,"['X28.1_99', 'X30_1', '主要使用聯絡方式_7', '政治傾向_4', 'X28.1_3']",0.6870144284128746
863,"['X30_2', '政治傾向_3', '婚姻狀態', 'X65_2', '城市_15', 'X36', '城市_7', 'X30_6', 'X14', 'X66_5']",0.6841604566354844
864,"['X65_3', '政治傾向_9', '城市_12', '職業.x_8', '城市_19', '主要使用聯絡方式_7', 'X66_2', 'X65_7', '政治傾向_3', '婚姻狀態']",0.6870144284128746
865,"['職業.x_6', '政治傾向_3', '城市_2', 'X66_5', '職業.x_10', 'X4', '城市_7', '婚姻狀態', '教育階段.x', 'X12_2']",0.6825749167591565
866,"['城市_8', 'X64_5', '主要使用聯絡方式_7']",0.7003329633740288
867,"['城市_8', '教育階段.x', '職業.x_10', '籍貫_6', 'X30_7', '城市_19']",0.6977960995719042
868,"['政治傾向_9', 'X65_2', '城市_19', 'X30_2', 'X56', '籍貫_6', '城市_8']",0.6954177897574124
869,"['X53', '性別.x']",0.6901855081655304
870,"['X12_5', '職業.x_5', '職業.x_8']",0.6884414143015697
871,"['職業.x_6', '城市_8', '政治傾向_3', '城市_14', 'X36', 'X30_1', '政治傾向_4', 'X28.1_2', 'X65_7', '婚姻狀態']",0.6992230854605994
872,"['主要使用聯絡方式_3', '職業.x_12', '籍貫_6', 'X30_2', 'X64_5']",0.6779768511178056
873,"['職業.x_5', '政治傾向_7', '職業.x_12', 'X28.1_99', 'X53']",0.683684794672586
874,"['X30_5', '主要使用聯絡方式_3', '年齡區間.x', '職業.x_10']",0.6846361185983828
875,"['職業.x_12', '城市_12', '主要使用聯絡方式_9']",0.6846361185983828
876,"['X65_3', '城市_7', '職業.x_8', '主要使用聯絡方式_9', 'X30_5', 'X5', 'X28.1_1', 'X30_2', '政治傾向_3']",0.6797209449817663
877,"['X30_5', '教育階段.x', 'X14', 'X56', 'X36', 'X65_7', '職業.x_5', '城市_8', 'X28.1_2', 'X28.1_99']",0.6993816394482322
878,"['職業.x_1', '主要使用聯絡方式_2', 'X4', 'X56', '主要使用聯絡方式_8', 'X66_2', '城市_8', 'X28.1_99']",0.7066751228793404
879,"['X65_7', '主要使用聯絡方式_9', '主要使用聯絡方式_8', '職業.x_8', 'X36', 'X12_2', 'X30_6', 'X30_1']",0.6859045504994451
880,"['城市_4', 'X65_3', '城市_14', 'X64_5']",0.6870144284128746
881,"['城市_8', 'X66_2', 'X66_5']",0.7079435547804028
882,"['X48', 'X66_5']",0.6916124940542254
883,"['主要使用聯絡方式_7', '職業.x_6', '城市_7']",0.6870144284128746
884,"['X14', 'X66_2', '職業.x_10', '政治傾向_3', '政治傾向_7']",0.6825749167591565
885,"['X28.1_99', 'X9', 'X65_7', 'X28.1_2']",0.6866973204376091
886,"['年齡區間.x', 'X30_6', 'X56', '性別.x', 'X65_3', '婚姻狀態', '職業.x_8', '籍貫_1', '城市_4', 'X65_7']",0.6510226732202316
887,"['主要使用聯絡方式_3', '性別.x', '職業.x_10', '城市_19', 'X30_1', 'X12_2', '城市_17', 'X5', 'X66_5']",0.6846361185983827
888,"['城市_7', 'X30_1', '主要使用聯絡方式_9', '主要使用聯絡方式_8', '政治傾向_3', 'X53', 'X5', '政治傾向_9']",0.678452513080704
889,"['X66_2', 'X36', 'X28.1_1', '城市_17', 'X54']",0.681465038845727
890,"['X30_5', 'X4', 'X28.1_5', '主要使用聯絡方式_2']",0.6884414143015697
891,"['X28.1_1', '婚姻狀態', '城市_14', 'X54', 'X30_5', 'X66_5', 'X65_3', 'X53', '城市_13']",0.6811479308704614
892,"['X66_2', '政治傾向_4', '婚姻狀態']",0.6855874425241796
893,"['城市_14', 'X28.1_3']",0.6870144284128746
894,"['X56', '主要使用聯絡方式_2', '職業.x_5', 'X28.1_99', 'X66_5', 'X30_2', '主要使用聯絡方式_8']",0.6920881560171238
895,"['主要使用聯絡方式_7', '職業.x_6', '婚姻狀態', 'X5', 'X12_2', '城市_15']",0.6851117805612812
896,"['城市_13', '職業.x_10', 'X66_2', '職業.x_8', 'X28.1_1', '主要使用聯絡方式_2', 'X64_5', '職業.x_6', '教育階段.x', '主要使用聯絡方式_3']",0.6779768511178056
897,"['X56', '職業.x_1', 'X53', 'X64_5', 'X30_7']",0.6895512922149992
898,"['城市_12', 'X65_2', '城市_7', '性別.x']",0.6866973204376089
899,"['X5', '籍貫_1', '政治傾向_3', '政治傾向_10', 'X12_5', '婚姻狀態', 'X28.1_2']",0.6855874425241796
900,"['X48', '主要使用聯絡方式_2', '職業.x_6', '城市_15', '職業.x_12', '籍貫_1', '政治傾向_7', 'X28.1_2', 'X30_5', 'X5']",0.6513397811954971
901,"['政治傾向_10', '城市_12', '城市_7', '城市_13', '教育階段.x']",0.6789281750436024
902,"['X36', 'X30_6', '城市_4', 'X30_1', '主要使用聯絡方式_8', 'X65_7']",0.685270334548914
903,"['城市_13', '政治傾向_7', 'X4', '城市_12']",0.679879498969399
904,"['城市_4', 'X14', 'X28.1_2', '政治傾向_3', 'X54', '政治傾向_9']",0.6816235928333597
905,"['X56', '城市_12', 'X66_5', '政治傾向_9', '城市_15', '籍貫_6', 'X36']",0.6765498652291104
906,"['政治傾向_10', '城市_7', '城市_2', '職業.x_12', 'X12_5', 'X56', 'X66_2', 'X14', 'X65_2']",0.6955763437450452
907,"['職業.x_12', 'X56', '政治傾向_10', 'X12_2', '主要使用聯絡方式_3', '政治傾向_9']",0.6905026161407959
908,"['X28.1_1', '主要使用聯絡方式_9', '主要使用聯絡方式_7', '城市_14', 'X53', '城市_12']",0.6800380529570319
909,"['城市_8', '性別.x', 'X56', '主要使用聯絡方式_8', '城市_14', '教育階段.x', 'X28.1_2']",0.706199460916442
910,"['職業.x_1', 'X65_7', 'X28.1_2', 'X30_6', 'X48', 'X5', '教育階段.x', 'X12_5', '城市_2']",0.6843190106231172
911,"['X5', '城市_4', 'X66_2', '主要使用聯絡方式_7', '城市_17', '政治傾向_7', '性別.x', 'X4']",0.6838433486602188
912,"['X65_7', 'X65_2', 'X30_6', '城市_19']",0.6857459965118123
913,"['城市_8', 'X65_3', '主要使用聯絡方式_3', '教育階段.x', '城市_17']",0.6951006817821469
914,"['主要使用聯絡方式_8', '婚姻狀態', '城市_7', '職業.x_12', 'X4', '城市_17', 'X30_2', '職業.x_6', '城市_19', '城市_8']",0.6985888695100682
915,"['職業.x_12', '政治傾向_7', '政治傾向_9', '主要使用聯絡方式_7', '城市_13', 'X28.1_5', 'X9', 'X28.1_1', 'X66_2']",0.6857459965118122
916,"['城市_13', '主要使用聯絡方式_8', '城市_17', 'X28.1_3', '城市_7']",0.6801966069446647
917,"['政治傾向_10', 'X54', '主要使用聯絡方式_3', '城市_13', '政治傾向_7', '城市_17']",0.680672268907563
918,"['X4', 'X65_3', '籍貫_1', '主要使用聯絡方式_8', 'X28.1_5']",0.6873315363881402
919,"['X28.1_3', 'X28.1_5', '城市_13', '籍貫_6', '主要使用聯絡方式_8', '政治傾向_10', 'X48', '城市_7', '年齡區間.x', '城市_8']",0.6963691136832092
920,"['籍貫_1', '職業.x_8', '政治傾向_4', 'X64_5', 'X65_7', '主要使用聯絡方式_3', '政治傾向_9', 'X9', '性別.x']",0.6621214523545268
921,"['X30_6', '政治傾向_3', '城市_15', 'X66_2', 'X54', '城市_2', '籍貫_6']",0.6511812272078643
922,"['主要使用聯絡方式_7', 'X30_1', '城市_15', 'X56', 'X65_7', 'X28.1_1']",0.6843190106231172
923,"['城市_13', '城市_14', '政治傾向_4', 'X14']",0.6787696210559695
924,"['政治傾向_7', 'X48', 'X65_3', '政治傾向_3', 'X4', '城市_17', '城市_12', 'X65_7']",0.6787696210559695
925,"['X30_1', '城市_4', 'X9', 'X28.1_5', '職業.x_6', 'X36', 'X30_2']",0.683684794672586
926,"['職業.x_12', 'X54']",0.6892341842397336
927,"['X12_5', '主要使用聯絡方式_7', '城市_4']",0.6884414143015697
928,"['籍貫_1', 'X4', '主要使用聯絡方式_3', 'X28.1_2', 'X28.1_5', 'X30_7']",0.6500713492944348
929,"['城市_13', 'X28.1_3']",0.6813064848580942
930,"['X12_2', '性別.x', '主要使用聯絡方式_9', '政治傾向_4', 'X28.1_99', 'X4', 'X9', '職業.x_10', 'X30_2', '主要使用聯絡方式_7']",0.6846361185983828
931,"['政治傾向_3', '城市_4', '城市_12', '婚姻狀態', '年齡區間.x', '職業.x_10', 'X14', '籍貫_6']",0.6534009830347234
932,"['主要使用聯絡方式_9', 'X30_6', '城市_15', '主要使用聯絡方式_7', '城市_2']",0.6860631044870779
933,"['X66_2', '城市_2']",0.6870144284128746
934,"['城市_7', '主要使用聯絡方式_8', 'X54', 'X5', 'X12_2', '職業.x_5', '政治傾向_4', 'X28.1_1', 'X28.1_5', '城市_13']",0.6819407008086253
935,"['政治傾向_9', '城市_17']",0.6859045504994451
936,"['X54', '城市_8', '職業.x_6', 'X28.1_2', 'X53', '政治傾向_3', '城市_7', '城市_19']",0.7028698271761536
937,"['城市_19', '教育階段.x', 'X65_7', '籍貫_6', 'X14', 'X48', '城市_15', '職業.x_12', '主要使用聯絡方式_8']",0.681465038845727
938,"['城市_17', '主要使用聯絡方式_9', '城市_19', '主要使用聯絡方式_7']",0.685270334548914
939,"['X30_7', 'X28.1_5', '政治傾向_4', 'X5']",0.6809893768828286
940,"['X14', '城市_2', '職業.x_8', 'X66_2', '城市_19', '年齡區間.x']",0.6846361185983828
941,"['婚姻狀態', '政治傾向_7', '教育階段.x', '政治傾向_9', '主要使用聯絡方式_7', '城市_19', 'X30_7', 'X53', '城市_4', '主要使用聯絡方式_3']",0.6816235928333597
942,"['X30_6', '政治傾向_10', 'X12_2', '職業.x_12', '城市_13', '城市_17', 'X12_5', '城市_12', '城市_2']",0.6828920247344221
943,"['X28.1_3', 'X5', 'X28.1_5', 'X54', 'X65_3', '主要使用聯絡方式_8', '城市_19', 'X56', '婚姻狀態', 'X28.1_1']",0.6859045504994451
944,"['X65_7', '性別.x', '城市_13', 'X65_3', '城市_7', '職業.x_10', '職業.x_12']",0.6790867290312351
945,"['主要使用聯絡方式_2', '城市_4', '主要使用聯絡方式_3', 'X65_7', 'X30_1', '職業.x_6', '職業.x_10', '城市_19', 'X65_3', '性別.x']",0.6833676866973205
946,"['X53', 'X30_1', 'X5', 'X30_6', 'X56', 'X28.1_99', '城市_8', 'X36', 'X65_3', '主要使用聯絡方式_3']",0.6952592357697797
947,"['X12_5', '性別.x', '主要使用聯絡方式_9', 'X30_7', '主要使用聯絡方式_3']",0.6868558744252418
948,"['城市_14', 'X4', '職業.x_8', '婚姻狀態', 'X12_2']",0.6833676866973205
949,"['X36', '政治傾向_9', 'X28.1_1', 'X53', '城市_7', '職業.x_5', 'X64_5', 'X28.1_99', '政治傾向_3']",0.6830505787220549
950,"['政治傾向_7', '城市_7', 'X65_3', '城市_4', 'X30_2', 'X30_1', 'X53', 'X28.1_3', 'X48', '政治傾向_3']",0.6698905977485333
951,"['政治傾向_7', 'X54', '職業.x_8', '性別.x']",0.6881243063263041
952,"['城市_4', '職業.x_5', 'X4', '城市_8', '城市_17', 'X14', 'X36']",0.6938322498810845
953,"['政治傾向_7', 'X64_5', '城市_2', 'X4', '城市_4', '城市_14', '城市_15', 'X48', 'X28.1_1']",0.6881243063263041
954,"['主要使用聯絡方式_7', '城市_13', '城市_17', 'X30_5', '政治傾向_3', 'X66_2', '政治傾向_9', 'X65_7', 'X30_2']",0.6846361185983827
955,"['城市_19', 'X12_2', '政治傾向_4', 'X28.1_2', 'X65_3', '年齡區間.x', 'X48', '城市_13']",0.6778182971301728
956,"['X65_7', '政治傾向_3']",0.6846361185983828
957,"['主要使用聯絡方式_8', '教育階段.x', '政治傾向_10', '職業.x_10', '城市_8', 'X28.1_5', 'X56', '主要使用聯絡方式_2', 'X66_2']",0.70096717932456
958,"['X66_2', 'X12_2', 'X30_1', '城市_7', '教育階段.x', '職業.x_8', 'X5', 'X65_3', 'X28.1_99', '政治傾向_9']",0.6827334707467893
959,"['職業.x_1', 'X65_3']",0.6870144284128746
960,"['城市_7', 'X5', '城市_19', '職業.x_12', 'X36', '城市_4', 'X30_6', 'X14', 'X12_5']",0.6882828603139368
961,"['X54', '城市_13', 'X64_5', '職業.x_10', '主要使用聯絡方式_9', 'X65_7', '城市_19', 'X5']",0.6813064848580942
962,"['X56', '城市_17', 'X65_3', '籍貫_1', 'X28.1_1', '城市_12']",0.6762327572538449
963,"['X30_2', 'X48', 'X65_7', '主要使用聯絡方式_7', '城市_7']",0.681465038845727
964,"['X14', '主要使用聯絡方式_7', 'X30_2', 'X36', 'X4', '城市_2', '政治傾向_4', 'X53', '主要使用聯絡方式_9']",0.678452513080704
965,"['城市_17', '城市_15']",0.6859045504994451
966,"['X65_7', '職業.x_5', 'X30_6', 'X28.1_5']",0.6832091327096876
967,"['X48', 'X28.1_5', '城市_17', 'X12_5', '性別.x']",0.6851117805612811
968,"['城市_19', '主要使用聯絡方式_9', 'X66_2']",0.6851117805612812
969,"['籍貫_6', '職業.x_12', 'X65_3', '政治傾向_10', 'X66_5']",0.691929602029491
970,"['X48', 'X54', '職業.x_6', 'X28.1_2']",0.6843190106231172
971,"['X30_6', 'X28.1_1', '城市_12', '政治傾向_9', '主要使用聯絡方式_9', 'X30_2', '主要使用聯絡方式_8', '城市_13', '城市_7', '城市_14']",0.6820992547962581
972,"['職業.x_5', '籍貫_1', '主要使用聯絡方式_8', '婚姻狀態', 'X12_2', 'X28.1_5', '職業.x_1', '城市_13', '城市_15']",0.678452513080704
973,"['城市_19', '政治傾向_4', 'X66_5', '性別.x', '城市_12']",0.689709846202632
974,"['政治傾向_9', 'X4', 'X66_5', '政治傾向_10', '籍貫_6', '政治傾向_7', 'X28.1_1']",0.692722371967655
975,"['X14', 'X12_5', 'X30_6', '政治傾向_4', '城市_2', '職業.x_8', '政治傾向_9', 'X30_1']",0.685904550499445
976,"['X28.1_99', 'X65_2', '政治傾向_4', '城市_17', '城市_14', '教育階段.x']",0.6816235928333597
977,"['職業.x_1', '城市_17', '城市_4', '婚姻狀態', 'X65_3', '城市_7', '政治傾向_4', 'X9', '主要使用聯絡方式_7', 'X30_7']",0.6787696210559695
978,"['X65_2', '職業.x_12', '婚姻狀態', 'X4', '職業.x_6', 'X30_6', '城市_12', '職業.x_10', 'X28.1_2', 'X65_3']",0.6843190106231172
979,"['政治傾向_4', 'X28.1_99', 'X28.1_1', 'X9']",0.6870144284128746
980,"['城市_15', 'X14']",0.6846361185983828
981,"['X28.1_5', 'X28.1_2', '職業.x_1', 'X36', '城市_17', '城市_12', '職業.x_8', 'X30_6', '性別.x', 'X30_5']",0.6767084192167433
982,"['X5', 'X14', 'X36', '主要使用聯絡方式_3', 'X4', '城市_17', '主要使用聯絡方式_8', 'X30_2']",0.6879657523386713
983,"['X30_1', '主要使用聯絡方式_2', 'X28.1_3', 'X28.1_2', 'X54', 'X30_7', '城市_15']",0.6838433486602188
984,"['X66_5', '政治傾向_9', '政治傾向_7', '主要使用聯絡方式_7', 'X28.1_2']",0.691136832091327
985,"['政治傾向_7', 'X48']",0.6863802124623435
986,"['籍貫_1', '城市_15', 'X9']",0.6396067861106707
987,"['X53', 'X54', '城市_4', 'X28.1_5', 'X30_7', '職業.x_5', 'X66_5']",0.6852703345489138
988,"['X65_7', 'X5', 'X53', 'X28.1_99', '教育階段.x', '城市_14']",0.6749643253527825
989,"['X28.1_2', '城市_13', '城市_15']",0.6851117805612812
990,"['X9', '教育階段.x']",0.6871729824005074
991,"['X66_2', 'X53', '城市_12', 'X65_2', 'X48', 'X28.1_3']",0.6775011891549072
992,"['X12_2', 'X53', '職業.x_10', '城市_12', '城市_7', '城市_2']",0.6792452830188679
993,"['X4', 'X14', 'X28.1_1', '城市_4', '主要使用聯絡方式_7', '職業.x_8', '年齡區間.x', '政治傾向_7', 'X66_2', 'X5']",0.6881243063263042
994,"['主要使用聯絡方式_2', '籍貫_6', '主要使用聯絡方式_9', '城市_13', 'X28.1_2', '籍貫_1', '城市_7', '職業.x_8', '職業.x_10', 'X12_2']",0.6334231805929919
995,"['X30_1', '職業.x_10', 'X54', 'X66_2', 'X66_5']",0.6865387664499761
996,"['主要使用聯絡方式_2', 'X14', '城市_13', 'X30_7', 'X66_2']",0.6827334707467893
997,"['政治傾向_9', '城市_2', '城市_17', '城市_4', '城市_7']",0.6859045504994451
998,"['X5', 'X30_1', '城市_15', '城市_8', 'X30_7', 'X65_3', 'X12_2', 'X36', '主要使用聯絡方式_3', 'X14']",0.6970033296337403
999,"['城市_4', '籍貫_6', 'X9']",0.6453147296654512
